track_name	sv
OR13C8	0.0
OR2H2	0.0
KRT86	0.0
OR4K1	0.0
LACRT	9.588647041902388e-05
KRTAP1-1	0.0
CAPSL	0.0
CTAGE4	0.0
CGN	0.00019177294083804776
ASB17	0.00019177294083804776
GJA10	0.0
BCAS1	0.0008629782337712149
CGB8	0.0
SERF1B	0.00019177294083804776
NKX1-1	9.588647041902388e-05
SSU72P8	0.0
RNASE9	0.0
CD3D	9.588647041902388e-05
MROH2A	9.588647041902388e-05
CRYGD	9.588647041902388e-05
KRTAP19-4	0.0
CT47A11	0.0
OR5B3	0.0
PPARGC1A	0.00019177294083804776
TRIM64C	0.0
CABP5	0.0
DLEC1	9.588647041902388e-05
UGT1A8	0.00019177294083804776
GTSF1L	0.0
RSC1A1	0.0
ATP1B1	0.0004794323520951194
CLCNKB	0.0
GPR20	0.0
TREML4	0.0
ANKAR	0.0004794323520951194
C4A	0.00019177294083804776
OR5P3	0.0
GPRC5A	9.588647041902388e-05
GSTT4	0.0
INSIG1	9.588647041902388e-05
ARPP21	0.00019177294083804776
ACOT12	0.00028765941125707164
SSPN	0.0003835458816760955
MYBPH	9.588647041902388e-05
DEFB115	0.0
SERPINA9	0.0
TULP2	0.00019177294083804776
GJB2	0.0
HILPDA	9.588647041902388e-05
FOXH1	9.588647041902388e-05
OR2S2	0.0
PLEKHD1	0.00028765941125707164
OR7G2	9.588647041902388e-05
FGF3	0.0003835458816760955
OR10A6	0.0
DEFB131A	0.0
LCE3A	0.0
OR4D11	0.0
C5ORF67	9.588647041902388e-05
DEFB116	0.0
TCP11X1	0.0
OR4K13	0.0
OR4D9	0.0
OR2V1	0.0
OR2B11	0.0
OR5A1	0.0
OR10K1	0.0
OR2AP1	0.0
OR2G6	0.0
OR4P4	0.0
OR10Z1	0.0
CT45A9	0.0
OR2A5	0.0
OR10J1	0.00019177294083804776
OR1A1	0.0
MBD3L5	0.0
OR8G1	0.0
OR8A1	0.0
OR2M4	0.0
OR10G4	0.0
OR4E1	0.0
OR52E4	0.0
CDC14C	0.0
OR5AU1	0.0
OR4K17	0.0
OR2AT4	0.0
OR5AS1	0.0
OR1D2	0.0
OR7A17	0.0
OR51V1	0.0
OR6Y1	0.0
SPDYE9	0.0
OR52K1	0.0
OR2AG1	0.0
OR4A15	0.0
OR2V2	0.0
OR5M9	0.0
OR4D1	0.0
DEFB133	0.0
OR5H1	0.0
KNCN	0.00019177294083804776
SMC4	0.0
SPRR1B	0.00028765941125707164
SULT1C3	9.588647041902388e-05
LGALS12	0.00019177294083804776
TINAG	0.00019177294083804776
OR2J1	0.0
PNP	0.0
CTRC	9.588647041902388e-05
OR8U3	0.0
DCAF4L2	0.0
CR2	9.588647041902388e-05
APOL4	9.588647041902388e-05
TEX50	0.0
OR2A12	0.0
NACA2	9.588647041902388e-05
CDKL2	0.00028765941125707164
OR4N2	9.588647041902388e-05
CCDC65	0.0
DRG1	0.0003835458816760955
PATE3	0.0
LBX1	0.0
OR5AR1	0.0
MSANTD3-TMEFF1	0.0
FUNDC2	0.0
SPATA3	0.0
TGIF2LX	0.0
OR6X1	0.0
SERPINB1	0.00019177294083804776
SPATS1	0.00028765941125707164
C9ORF92	9.588647041902388e-05
ITPRID1	0.00019177294083804776
IQCF1	0.0
REEP6	9.588647041902388e-05
OR6V1	0.0
KCNA10	0.0
PSME4	9.588647041902388e-05
DLK1	0.0005753188225141433
IGFBP1	0.0
SLC17A2	0.0
SPANXD	0.0
NEUROG1	0.0
CTXN2	0.0
TMPRSS11E	9.588647041902388e-05
CYP11A1	0.00028765941125707164
TEKT4	0.0
PADI1	9.588647041902388e-05
PRR32	0.0
KRTAP10-5	0.0
OR6C76	0.0
TRIM6-TRIM34	0.0
WWC1	0.0003835458816760955
OR2AG2	0.0
HTR7	0.00019177294083804776
PPIAL4C	0.0
PLN	0.00028765941125707164
USP50	0.0
ADCYAP1R1	0.00028765941125707164
KRT222	0.0
CASP5	0.0
DEFB123	0.0009588647041902388
ZNF143	0.0003835458816760955
OR51T1	0.0
OR2G3	0.0
TBATA	0.0
HSPB1	9.588647041902388e-05
ZNF519	0.00019177294083804776
TAS2R16	0.0
OR8J1	0.0
OR11H6	0.0
OR11L1	0.0
BTNL3	0.0
NOX3	0.0
OR56A1	0.0
SKOR1	0.0
PRXL2A	0.00019177294083804776
C19ORF71	0.0
MUC3A	0.00019177294083804776
DEFB118	0.0003835458816760955
GPR151	0.0
DUSP21	0.0
PPP1R42	0.0003835458816760955
H1-8	0.0
GML	0.0
PF4V1	0.0
OR10K2	0.0
CBLL2	0.0
OR8G5	0.0
ROPN1L	9.588647041902388e-05
KLHL1	9.588647041902388e-05
AP3S2	9.588647041902388e-05
CCL20	0.0
OR6K2	0.0
OR6P1	0.0
S100G	0.0
KRTAP4-8	0.0
ADO	0.0
TMEM235	0.0
DCSTAMP	9.588647041902388e-05
VPREB1	9.588647041902388e-05
OR11A1	0.0
MDH1B	0.0
ANKS1B	0.0010547511746092626
SPEM1	9.588647041902388e-05
GYG2	0.0
TMEM171	0.0
KRTAP17-1	0.0
KRT6B	0.0
COX8C	9.588647041902388e-05
OR52D1	0.0
TBC1D21	9.588647041902388e-05
HAPLN4	9.588647041902388e-05
OR2AJ1	0.0
CTRB2	0.00028765941125707164
SDC1	9.588647041902388e-05
KDELR2	9.588647041902388e-05
PRMT8	0.0003835458816760955
ALCAM	0.0005753188225141433
KCP	0.0
CLDN22	0.0
PRAMEF33	0.0
MMP20	0.0
GUCY2D	0.0
CPTP	0.0
ESX1	0.0
SCIN	0.00028765941125707164
CAGE1	9.588647041902388e-05
PSG1	0.0
CCN1	0.0
NUDT4	0.00019177294083804776
DDT	0.0003835458816760955
UNC5D	0.0011506376450282866
OR10G7	0.0
F8A2	0.0
OR4K2	0.0
SCRT1	0.0
OCRL	0.0
MS4A12	0.00019177294083804776
OR8D1	0.0
CDCA2	9.588647041902388e-05
AMY2A	0.0
RPL10L	0.0
OR5P2	0.0
CYP4Z1	0.00019177294083804776
CCDC196	0.0
TG	9.588647041902388e-05
KHDC3L	0.00019177294083804776
AHSG	9.588647041902388e-05
TMPRSS11A	0.0
PRAMEF13	0.0
RBMY1E	0.0
PSMC5	9.588647041902388e-05
PRAMEF14	0.0
MARCKSL1	0.0
RUVBL2	0.00028765941125707164
IQGAP3	0.0005753188225141433
GUCA1C	0.00019177294083804776
PRAMEF8	0.0
ROS1	0.000767091763352191
RBKS	0.0005753188225141433
GPX4	0.0003835458816760955
C11ORF65	0.0
RFPL4B	0.0
CTSD	0.00019177294083804776
CFAP300	0.0003835458816760955
IL4	0.0
UMODL1	0.00028765941125707164
ELOA2	0.0
CSNK1A1L	0.0
ID3	0.0
SLC17A6	0.0
B3GNT3	0.0
FCRL3	0.0
CST11	0.0
POTEB2	0.0
C4ORF17	0.0
C9ORF129	0.0
DEFB121	0.0
APCS	0.0
SIK1	0.0
FSHB	0.0
GPR158	0.0003835458816760955
CLC	0.0
PIFO	9.588647041902388e-05
OR14I1	0.0
MS4A14	0.0
OLIG3	0.0
C1ORF94	0.00019177294083804776
TECTB	0.00028765941125707164
ERICH6B	0.0
KRTAP19-6	0.0
SYTL5	0.00019177294083804776
TEDC2	0.00028765941125707164
GHSR	0.0
OR10S1	0.0
KLRC4	0.0
TEX19	0.0
HNF4G	0.00019177294083804776
KARS1	0.0003835458816760955
IL5	9.588647041902388e-05
CCDC197	0.0
DEFA1B	0.0
PRTN3	0.0
PPIAL4D	0.0
FBXO39	9.588647041902388e-05
STRC	0.00019177294083804776
FMOD	9.588647041902388e-05
NME1-NME2	0.0
PRAMEF1	0.0
GPR78	9.588647041902388e-05
OR7C2	0.0
KRT72	0.0
SCGB2A2	0.00019177294083804776
EDN3	0.0
LRRC31	0.0005753188225141433
DEFB112	0.0
SLC17A4	9.588647041902388e-05
CIB4	9.588647041902388e-05
TBC1D3D	0.0
CCDC7	9.588647041902388e-05
NSMCE1	0.00019177294083804776
SMR3A	0.0
CD200R1L	0.0
KRTAP12-1	0.0
SLC26A3	0.0
PRR23B	0.0
CRB3	0.00028765941125707164
SH3TC2	9.588647041902388e-05
PRDM13	9.588647041902388e-05
ALKAL1	0.00028765941125707164
MOGAT2	0.00019177294083804776
VHLL	0.0
LHB	0.0
MC5R	0.0
SLC47A2	0.0004794323520951194
OR51A4	0.0
HMGB4	0.0
GSX1	0.0
OR2H1	0.00019177294083804776
C12ORF71	9.588647041902388e-05
TMEM178B	0.0005753188225141433
NPY4R	9.588647041902388e-05
SLC6A18	0.00019177294083804776
CLPSL2	0.0
TYMP	0.00028765941125707164
OR10H3	0.0
LTB4R	0.0
TAAR6	9.588647041902388e-05
UPK2	9.588647041902388e-05
RAD21L1	0.0
DUSP23	0.0
PRAMEF15	0.0
OR8D2	0.0
OR2Z1	0.0
DEFB104B	0.0
OR10H1	0.0
TRIM49B	9.588647041902388e-05
SCN10A	0.0
ZIC3	0.0
WFDC11	0.00019177294083804776
OR5I1	0.0
OR5T1	0.0
OR10H5	0.0
ACTRT1	0.0
GABRA5	0.00028765941125707164
H1-1	0.0
TSPY2	0.0
KRTAP4-1	0.00028765941125707164
OR4Q3	0.0
OR52R1	0.0
SHISA7	0.0
CRH	0.0
PDSS1	0.0
CNTF	0.0
DEFB110	9.588647041902388e-05
IL31	9.588647041902388e-05
EVX2	0.0
DEFB113	0.0
TRIM43B	0.0
SPACA5	0.0
OR2A42	0.0
RNF151	9.588647041902388e-05
OR6C65	0.0
GOLGA6D	0.0
OR14C36	0.0
PLA2G12B	9.588647041902388e-05
MTRNR2L7	0.0
SSUH2	9.588647041902388e-05
UMOD	0.0
OR2T29	0.0
OR10G6	0.0
PRODH2	0.0
METTL21C	9.588647041902388e-05
TMEM225	0.0
DEFB135	0.00028765941125707164
RP1	0.0003835458816760955
STPG4	0.00028765941125707164
CTNND2	0.0011506376450282866
KRTAP1-5	0.0
KRTAP25-1	0.0
OR51D1	0.0
GRM3	9.588647041902388e-05
TSPY1	0.0
OR4E2	0.0
TRIM48	9.588647041902388e-05
H2BC14	0.0
NOBOX	0.0
MIPOL1	0.0010547511746092626
OR52B2	0.0
SPATA31A6	0.0
PABPC3	0.0
MARCHF11	0.0003835458816760955
OR4S1	0.0
GRP	9.588647041902388e-05
DEFB132	9.588647041902388e-05
MOS	0.0
PVALEF	0.0
CHD7	0.0011506376450282866
TXN2	0.00028765941125707164
TSPAN10	0.00019177294083804776
SSX3	0.0
NRG4	0.0004794323520951194
CST9L	9.588647041902388e-05
OR4C5	0.0
OR2M3	0.0
MAGEA9B	0.0
KRTAP22-1	0.0
KRTAP19-1	0.0
OR13C9	0.0
CRISP1	0.00019177294083804776
OR4C11	0.0
MS4A18	9.588647041902388e-05
EDDM3B	0.0
EBLN1	9.588647041902388e-05
PRAMEF19	9.588647041902388e-05
KSR2	0.00019177294083804776
C7ORF77	9.588647041902388e-05
OR2T4	0.0
FAM47A	0.0
OR9K2	0.0
TSBP1	0.00019177294083804776
OR51I1	0.0
AMELX	0.0
TUBG1	0.00019177294083804776
CRISP3	0.0
KRTAP20-1	0.0
SLC6A13	0.00019177294083804776
SLC17A1	9.588647041902388e-05
CRYGC	0.0
GJE1	9.588647041902388e-05
CHAC1	0.0
STARD6	0.0
FOXL2	0.0
GP2	0.00028765941125707164
CENPB	0.0
ADAMTS16	0.0004794323520951194
SCRT2	0.0
ATP2C2	9.588647041902388e-05
KCNK1	0.00019177294083804776
CEACAM18	0.0
DMP1	0.0
USP17L13	0.0
PRYP3	0.0
GRXCR2	0.0
OOSP2	0.0
OR5K1	0.0
EPHA8	0.0
GATA3	0.00019177294083804776
CCDC60	0.00019177294083804776
KRTAP4-16	9.588647041902388e-05
IL9R	0.00019177294083804776
APLN	0.0
GP1BB	0.0
GOLGA6A	0.0
LYZL6	9.588647041902388e-05
OR5AP2	9.588647041902388e-05
ASIC5	0.0
OR13C2	0.0
LYZL1	0.00019177294083804776
ZACN	0.0
ZNF679	0.0
OR4M2	0.0
ARPC1A	0.0005753188225141433
ZNF665	0.00028765941125707164
ERCC6L	0.0
PRAMEF26	0.0
IFNE	0.0
CST5	0.0
OR9Q2	0.0
CCDC179	0.0
SBK2	0.0
OR1B1	0.0
TRIM40	0.00019177294083804776
OR2L8	0.0
OR13F1	0.0
GOLGA6L1	0.0
LCE4A	9.588647041902388e-05
OR10G8	0.0
OR52M1	0.0
TDRD15	0.0
CNTNAP5	9.588647041902388e-05
MC3R	0.0
CLLU1-AS1	9.588647041902388e-05
LRP11	9.588647041902388e-05
OR56A5	0.0
SLC26A7	0.00028765941125707164
FAM83H	0.0
PSG11	9.588647041902388e-05
NXPH2	0.0
IVNS1ABP	0.00019177294083804776
ERVV-1	0.0
PNPO	0.00019177294083804776
ATP23	0.0014382970562853582
SLC6A5	0.0
OR4F5	0.0
EIF1AY	0.0
C17ORF80	0.0
CCDC87	0.0
TCEAL8	0.0
P2RX5-TAX1BP3	0.0
CYP26C1	0.0
KRTAP13-4	0.0
NOSIP	0.0005753188225141433
ZNF98	0.00028765941125707164
KRTAP9-9	0.0
OR8J3	0.0
DMRT1	9.588647041902388e-05
NUTM2E	0.0
DYTN	0.0
FLACC1	0.0004794323520951194
LRRC53	0.0
JUNB	0.0
SETSIP	0.0
SLC25A10	0.00028765941125707164
TRIM49D1	0.0
TRIM36	0.00019177294083804776
CA14	9.588647041902388e-05
PLA2G2E	0.0
RASA4B	0.0
LRRC43	9.588647041902388e-05
TTYH3	9.588647041902388e-05
ZAR1L	9.588647041902388e-05
LHX2	0.00019177294083804776
ABI1	0.00028765941125707164
CNGA3	0.0
FOXD4L1	0.0
RUNX1T1	0.000767091763352191
C20ORF141	0.0
BSX	0.0
HMMR	0.00019177294083804776
SLC22A8	0.0003835458816760955
OR7G1	0.0
DEFB130B	0.0
TAAR2	0.0
ISX	0.00028765941125707164
OR2T11	0.0
PPP1R2C	0.0
OOSP4B	0.0
CSH1	0.0
AMY1B	0.0
MAP2K3	0.0004794323520951194
TAS2R7	0.0
STATH	0.0
WDR93	0.0004794323520951194
FOXD4L5	0.0
TPTE	9.588647041902388e-05
C12ORF60	0.00028765941125707164
GOLGA8O	0.0
PRKACG	0.0
CTAGE9	0.0
MEP1A	0.00028765941125707164
OR10A2	0.0
KCNMB2	0.00019177294083804776
FAM163B	0.0
KRTAP12-3	0.0
CCL11	9.588647041902388e-05
CDRT15L2	9.588647041902388e-05
ADCY10	0.00019177294083804776
EIF4E1B	0.0
OR10G9	0.0
OR10AG1	0.0
USP17L19	0.0
KRTAP10-4	0.0
TEX33	9.588647041902388e-05
OLFM4	9.588647041902388e-05
OR8K5	0.0
CNDP2	9.588647041902388e-05
SPINT3	0.0
OR6K6	0.0
IFNA17	0.0
OR13C4	0.0
RAP1GAP	0.0003835458816760955
OR2L2	0.0
LRRC30	0.0
TM4SF5	0.0
CT47A12	0.0
GRHL1	0.0
ADAM2	0.000767091763352191
C1ORF185	9.588647041902388e-05
CLPS	0.0
HEMGN	0.0
XKR6	0.00019177294083804776
IQCJ	0.0
NEFM	0.0
ENTPD3	0.0
OR11G2	0.0
SLC15A5	0.0
VSIG2	0.0
USP17L22	0.0
MYLK4	0.0
TSACC	0.0
OR10H4	0.0
KCNK9	0.0
TAS2R42	0.0
SCGB1D1	0.00019177294083804776
OR2AE1	0.0
EME1	0.00028765941125707164
TCP10L2	0.0
C4ORF3	9.588647041902388e-05
GZMH	0.0
OR5H2	0.0
TBX22	0.0
PLPPR5	0.0
IFNA8	0.0
LGALS13	9.588647041902388e-05
USP17L5	0.0
PRSS22	9.588647041902388e-05
RETNLB	0.0
MSGN1	0.0
LCE3B	0.0
YBX1	0.0
SPINT4	0.0
H2AC13	0.0
OR52K2	0.0
HOXD11	0.00028765941125707164
OR9A2	0.0
FABP6	0.0
IL17A	9.588647041902388e-05
KRT12	0.0
CNBD1	0.0
OR1A2	0.0
C1ORF74	0.0
CDO1	0.0
OR4A47	0.0
PRPSAP2	0.0005753188225141433
SPZ1	9.588647041902388e-05
ASXL3	0.0
GPR174	0.0
KRT19	0.0
OR12D2	0.0
TMEM35B	0.0
DLL4	0.0
OR5D18	0.0
HDGFL1	0.0
OR10A4	0.0
POU4F2	0.0
CENPS-CORT	0.0
OR11H2	0.0
OR5M3	0.0
KRTAP3-1	0.0
PDYN	0.0
C7ORF33	9.588647041902388e-05
RBMXL3	0.0
DEFB134	0.0
H4C7	0.0
NR0B2	9.588647041902388e-05
PRAMEF2	9.588647041902388e-05
KRTAP2-2	0.0
HS3ST4	0.0005753188225141433
ZBBX	0.00019177294083804776
OR7A10	0.0
SLFNL1	0.0
GPR148	0.0
CCDC89	0.0
CRYBA2	0.0
NDEL1	0.00028765941125707164
CCDC54	0.0
OR5L1	0.0
OR2M2	0.0
C17ORF67	0.0003835458816760955
KRTAP15-1	0.0
FAM205A	0.0
DPEP2NB	0.0
OC90	0.0005753188225141433
FAM47B	0.0
TRPC4	9.588647041902388e-05
ADGRG7	9.588647041902388e-05
TMX1	0.00019177294083804776
TNP2	0.0
KRTAP6-2	9.588647041902388e-05
MAP4K2	9.588647041902388e-05
CT47B1	0.0
OR2F1	0.0
H3C11	0.0
CT45A8	0.0
OR5W2	0.0
CDT1	9.588647041902388e-05
BPY2	0.0
RBMY1F	0.0
LYPD4	9.588647041902388e-05
OR6C75	0.0
OR6C74	0.0
LEUTX	0.00019177294083804776
OR11H12	0.0
OR6Q1	0.0
LRIT1	9.588647041902388e-05
RGS21	9.588647041902388e-05
OR2W1	0.0
UBE2L5	0.00019177294083804776
FAM166A	9.588647041902388e-05
POTEJ	0.0
CDY2A	0.0
WFDC9	0.0
USP17L17	0.0
SPO11	0.00019177294083804776
MS4A13	0.0
CRYAA	0.0
SLC32A1	0.0
PYDC2	0.0
FCGR1B	9.588647041902388e-05
SCGB1D4	0.0
TRIM77	0.0
ALAS2	9.588647041902388e-05
RPS4Y2	0.0
SIK1B	0.0
AGT	0.00019177294083804776
EFCAB5	0.000767091763352191
BSPH1	0.0
FREM1	0.00028765941125707164
OTOR	0.0
OR5T2	0.0
ZPBP	0.0003835458816760955
OR6B3	0.0
RNF175	9.588647041902388e-05
GALR3	0.0
CHAC2	9.588647041902388e-05
NPVF	9.588647041902388e-05
GOLGA8M	0.0
GAGE12E	0.0
SLC38A8	0.00019177294083804776
OR7E24	9.588647041902388e-05
OR56A4	0.0
GGTLC1	0.0
TMEM244	0.0
RTP2	0.0
HTR3D	0.00019177294083804776
GLT6D1	9.588647041902388e-05
CREB3L4	0.00019177294083804776
KISS1	0.00028765941125707164
SH3BGRL3	9.588647041902388e-05
TIMD4	9.588647041902388e-05
ZNF560	0.00019177294083804776
DBF4	0.00019177294083804776
C2ORF80	0.0
KIR2DL1	0.00019177294083804776
CCDC42	0.0
ZNF705B	0.0
CCDC150	9.588647041902388e-05
TMC1	0.00019177294083804776
ISL2	9.588647041902388e-05
OTX1	9.588647041902388e-05
KRTAP5-2	0.0
CCER1	9.588647041902388e-05
DOC2A	0.00019177294083804776
CRCT1	9.588647041902388e-05
OR2T5	0.0
IFNA4	0.0
H2AC1	0.0
S100A7L2	0.0
ATG9B	0.0
SPATA22	0.00019177294083804776
IGLL5	0.0
MAGEA11	9.588647041902388e-05
PRLH	0.0
ETDC	0.0
CCDC167	9.588647041902388e-05
SSMEM1	0.0
SERPINB11	0.0
CT83	0.0
OR4N5	0.0
C17ORF97	9.588647041902388e-05
TMEM211	0.00019177294083804776
SPINK14	9.588647041902388e-05
DSPP	0.0
TEX13A	0.0
UGT2B28	0.0
GOLGA6L2	9.588647041902388e-05
PGK2	0.0
SMIM21	0.0
NXPE2	9.588647041902388e-05
OR51A7	0.0
PYM1	0.0003835458816760955
C9ORF57	9.588647041902388e-05
OCSTAMP	0.0
OR7G3	9.588647041902388e-05
RABL6	0.00028765941125707164
GZMA	9.588647041902388e-05
OPN5	9.588647041902388e-05
EEF1E1-BLOC1S5	0.0
LECT2	0.0
ATXN3L	0.0
CCDC190	9.588647041902388e-05
LRRC72	0.0
OR2T1	0.0
FAM237A	0.0
H2AP	0.0
OLIG2	0.0
CSN3	0.0
PPP1R2B	0.0
KCNK18	0.0
OR4C13	0.0
USP17L8	0.0
ADAM30	9.588647041902388e-05
OR10W1	0.0
MNT	0.0
OR6N2	0.0
GSC2	0.0
RD3L	0.0
PIMREG	0.0
FAM81B	0.00019177294083804776
ALKBH7	0.0
ZNF705G	0.0
CRB1	0.0004794323520951194
OR51A2	0.0
OR52N5	0.0
ENO1	9.588647041902388e-05
CD79A	0.00019177294083804776
MT4	0.00019177294083804776
MAGEA1	0.0
KRT82	0.0
OR10D3	0.0
ZNF804B	0.0
IL21	0.0
OR5B17	0.0
ODF1	0.0003835458816760955
AQP12A	0.0
OR1I1	0.0
OR52N4	0.0
EFHB	0.00019177294083804776
TEX47	0.0
OR52J3	0.0
FAM170B	0.0
UGT2A3	0.0003835458816760955
CFAP251	0.00028765941125707164
TAS2R39	0.0
GPHB5	9.588647041902388e-05
OR3A3	0.0
CLDN25	0.0
TEX37	0.0
KRTAP10-6	0.0
OR5AK2	0.0
SPAM1	0.0
POLB	0.0004794323520951194
GPR139	0.0
OR52N2	0.0
APOA4	0.0
TRIM49D2	0.0
CDKN2A	0.0010547511746092626
OR2B3	0.0
CDRT1	9.588647041902388e-05
TAAR9	0.0
ANKRD60	0.0
KRTAP19-5	0.0
OR13C3	0.0
OR8B8	0.0
RFPL1	9.588647041902388e-05
PAF1	9.588647041902388e-05
KRTAP21-3	0.0
OR52H1	0.0
RSL1D1	9.588647041902388e-05
LINC02203	0.0
NMBR	0.0
OR14J1	0.0
OR10A7	0.0
GPR33	0.0
CTAGE15	0.0
OR4L1	0.0
HHIPL2	0.00019177294083804776
CCDC195	0.0
OR5L2	0.0
TTC23L	0.00019177294083804776
KRTAP10-9	9.588647041902388e-05
IFNA10	0.0
TMEM191B	0.0
DNAI3	0.0
SLCO6A1	0.0003835458816760955
OR51S1	0.0
TAAR5	0.0
OR8B12	0.0
PCNA	0.0
PRAMEF10	0.0
TGIF2LY	0.0
OR4S2	0.0
FAM240A	0.0
LCN1	0.0
NUTM2F	0.0
OR5M8	0.0
TIPIN	9.588647041902388e-05
VCX2	0.0
PFKFB1	0.00019177294083804776
SEZ6L	0.00028765941125707164
MORC1	0.00028765941125707164
RHOXF2	0.0
ABCG4	0.0
PCDH10	0.0
GPR101	0.0
C3ORF85	0.0
MDFI	0.00019177294083804776
OR51I2	0.0
PIP	0.00019177294083804776
TEX55	0.0
OR5AC2	0.0
TPRX1	9.588647041902388e-05
C3ORF84	0.00019177294083804776
IDI2	9.588647041902388e-05
SLC16A3	0.00019177294083804776
DSG1	0.0004794323520951194
SLC22A6	0.0003835458816760955
DPEP3	0.0
CXCL10	0.0
FGF4	0.00019177294083804776
ZAR1	9.588647041902388e-05
ARL14EPL	9.588647041902388e-05
SLCO1B3	0.0
SPANXN5	0.0
RTL1	0.0
TRIM31	9.588647041902388e-05
GNAT1	9.588647041902388e-05
ABCA4	0.00028765941125707164
F13B	0.00028765941125707164
UBE2T	0.00019177294083804776
CFHR2	0.0
TM4SF20	9.588647041902388e-05
IZUMO3	9.588647041902388e-05
OR5M1	9.588647041902388e-05
MTRNR2L10	0.0
GNGT1	0.0003835458816760955
TAAR1	0.0
KRT9	0.0
TCAF2C	0.0
TP53TG3B	0.0
HCN4	9.588647041902388e-05
MYF5	0.00019177294083804776
OR9A4	0.0
ELOA3BP	0.0
KRTAP21-2	0.0
MBL2	0.0
CMTM2	0.0
PPP1R32	9.588647041902388e-05
APOBEC2	9.588647041902388e-05
SLC35G3	0.0
DMRTA2	0.0
SOX10	0.00019177294083804776
SPATA31D4	0.0
OR6C4	9.588647041902388e-05
TBC1D28	0.0
PAX9	9.588647041902388e-05
TMPRSS4	0.00019177294083804776
ROPN1B	0.00019177294083804776
USP17L3	0.0
UBTFL1	0.0
DUSP13	9.588647041902388e-05
OR4D2	0.0
OR1S2	0.0
GFRA4	0.0
TTLL8	9.588647041902388e-05
EGFL6	0.00028765941125707164
CST8	0.0
SOX14	0.0
OR5H15	0.0
LINC02218	0.0
TMEM82	0.0
THY1	9.588647041902388e-05
MUC6	9.588647041902388e-05
SPANXN2	0.0
CCIN	0.0
DEFB125	0.0
BEST3	0.0010547511746092626
C20ORF173	0.0
RTP1	0.00019177294083804776
MPZ	0.0
CTAG1B	0.0
CLDN8	0.0
MROH2B	9.588647041902388e-05
OR10R2	0.0
LALBA	0.00019177294083804776
MFRP	0.0
OR51G2	0.0
TMCO2	9.588647041902388e-05
NECTIN4	0.0004794323520951194
GMEB2	0.0003835458816760955
HSD17B10	0.00019177294083804776
TAS1R2	0.0
GLYATL3	9.588647041902388e-05
PMM2	0.0003835458816760955
SIGLECL1	0.00019177294083804776
USP17L10	0.0
KY	0.0
FANCA	0.0005753188225141433
OR5D13	0.0
OR51G1	0.0
DRD3	9.588647041902388e-05
PRAMEF6	9.588647041902388e-05
KRT6A	0.0
OR2M5	0.0
YBEY	0.0
RNH1	0.00028765941125707164
PRAMEF11	0.0
OR11H1	0.0
WFDC10A	0.0
USP17L23	0.0
MAGEC3	0.0
KRTAP4-12	0.0
SLC22A16	0.0003835458816760955
CCDC63	0.00019177294083804776
SIRPA	9.588647041902388e-05
SLC34A2	0.00019177294083804776
SMAD2	9.588647041902388e-05
SMAD3	0.0010547511746092626
SMAD4	0.00028765941125707164
SMARCA4	0.0024930482308946206
SMARCB1	0.0004794323520951194
SMARCD1	0.0
SMARCE1	0.00019177294083804776
SMC1A	0.0004794323520951194
SOCS1	0.00028765941125707164
SOX21	0.0
SPEN	0.0008629782337712149
SPOP	0.0021095023492185253
STAG1	0.0008629782337712149
STAG2	0.0004794323520951194
STK11	0.0012465241154473103
SUFU	0.0008629782337712149
TENT5C	0.0
TET2	0.0003835458816760955
TGFBR2	0.00019177294083804776
TMEM127	0.00028765941125707164
TNFAIP3	0.00028765941125707164
TNFRSF14	0.0
TPM3	0.0008629782337712149
TRAF7	0.0005753188225141433
TRIM33	0.0005753188225141433
TSC1	0.0003835458816760955
TSC2	0.0005753188225141433
USP44	0.0
VHL	0.0004794323520951194
WIF1	0.0004794323520951194
WNK2	0.001534183526704382
WRN	0.0008629782337712149
XPA	0.0
XPC	0.00019177294083804776
YWHAE	0.0026848211717326684
ZBTB16	9.588647041902388e-05
ZFHX3	0.0012465241154473103
ZMYM3	0.0
ZNF331	9.588647041902388e-05
ZNRF3	0.0017259564675424297
ZRSR2	0.0
ACVR2A	0.0006712052929331671
AMER1	0.0
APC	0.0006712052929331671
ARHGAP26	0.0018218429379614537
ARHGEF10	0.00019177294083804776
ARHGEF10L	0.0004794323520951194
ARHGEF12	0.0008629782337712149
ARID1A	0.0021095023492185253
ARID1B	0.0010547511746092626
ARID2	0.0006712052929331671
ASXL1	0.0010547511746092626
ASXL2	0.0010547511746092626
ATM	0.0005753188225141433
ATP2B3	9.588647041902388e-05
ATR	0.0005753188225141433
ATRX	0.0008629782337712149
AXIN1	0.0014382970562853582
AXIN2	0.0003835458816760955
B2M	0.0004794323520951194
BAP1	0.0005753188225141433
BARD1	9.588647041902388e-05
BAX	0.0004794323520951194
BAZ1A	0.0005753188225141433
BCL10	0.0
BCOR	0.00019177294083804776
BLM	0.0003835458816760955
BRCA1	0.0005753188225141433
BRCA2	0.0003835458816760955
BRIP1	0.0008629782337712149
BTG1	0.0
BUB1B	0.0004794323520951194
CAMTA1	0.0005753188225141433
CARS1	0.00028765941125707164
CASP3	0.0
CASP8	0.000767091763352191
CASP9	9.588647041902388e-05
CBFA2T3	0.0
CBFB	0.0018218429379614537
CBLB	0.0003835458816760955
CCDC6	0.0031642535238277877
CCNB1IP1	0.00019177294083804776
CCNC	0.0003835458816760955
CD274	0.00028765941125707164
CDC73	0.00028765941125707164
CDH1	0.0008629782337712149
CDH10	0.00019177294083804776
CDH11	0.00019177294083804776
CDK12	0.0036436858759229074
CDKN1B	9.588647041902388e-05
FBXW7	0.000767091763352191
FEN1	9.588647041902388e-05
FH	0.00019177294083804776
FHIT	0.0012465241154473103
FLCN	9.588647041902388e-05
FUS	0.0005753188225141433
GPC5	0.00028765941125707164
GRIN2A	0.0003835458816760955
HNF1A	0.0
IGF2BP2	0.0003835458816760955
IKZF1	0.0003835458816760955
KAT6B	0.0006712052929331671
KDM5C	0.00028765941125707164
KEAP1	0.0003835458816760955
KLF6	0.00019177294083804776
KMT2C	0.002301275290056573
KNL1	9.588647041902388e-05
LARP4B	0.0004794323520951194
LATS1	0.00028765941125707164
LATS2	0.00028765941125707164
LEPROTL1	0.00019177294083804776
LRIG3	0.0009588647041902388
LRP1B	0.0003835458816760955
LZTR1	9.588647041902388e-05
MAX	0.00028765941125707164
MED12	0.00019177294083804776
MEN1	0.00028765941125707164
MGMT	0.0005753188225141433
MLF1	0.00028765941125707164
MLH1	0.00019177294083804776
MSH2	0.0009588647041902388
MSH6	0.00019177294083804776
MUTYH	9.588647041902388e-05
MYH9	0.0013424105858663342
N4BP2	0.00028765941125707164
NAB2	0.0
NBN	0.00019177294083804776
NCOA4	0.0010547511746092626
NCOR1	0.0011506376450282866
NCOR2	0.0012465241154473103
NDRG1	0.0008629782337712149
NF1	0.0043148911688560745
NF2	0.0014382970562853582
NFKBIE	0.00028765941125707164
NRG1	0.0013424105858663342
NTHL1	9.588647041902388e-05
PALB2	9.588647041902388e-05
PATZ1	0.00019177294083804776
PBRM1	0.0013424105858663342
CDKN2C	0.0
CDX2	0.00019177294083804776
CEBPA	9.588647041902388e-05
CHD2	0.0004794323520951194
CHEK2	0.0006712052929331671
CIITA	0.00028765941125707164
CLTC	0.0010547511746092626
CLTCL1	0.0004794323520951194
CNBP	0.00019177294083804776
CNOT3	9.588647041902388e-05
CNTNAP2	0.000767091763352191
CPEB3	9.588647041902388e-05
CREB3L1	0.00019177294083804776
CSMD3	0.0003835458816760955
CTCF	0.0006712052929331671
CUL3	0.0004794323520951194
CYLD	0.00019177294083804776
DDX10	0.0004794323520951194
DDX3X	0.00019177294083804776
DICER1	0.00028765941125707164
DNM2	0.002205388819637549
DNMT3A	0.0003835458816760955
DROSHA	0.0004794323520951194
EBF1	9.588647041902388e-05
EED	0.0003835458816760955
EIF3E	0.0004794323520951194
ELF3	0.00028765941125707164
ELL	0.0014382970562853582
EP300	0.0011506376450282866
EPS15	0.0006712052929331671
ERCC2	0.0003835458816760955
ERCC3	9.588647041902388e-05
ERCC4	0.0
ERCC5	0.0
ETNK1	0.0006712052929331671
ETV6	0.0020136158787995013
EXT1	0.0011506376450282866
EXT2	0.0005753188225141433
FANCC	0.0003835458816760955
FANCD2	0.0006712052929331671
FANCE	0.0
FANCF	0.0
FANCG	0.0
FAS	9.588647041902388e-05
FAT1	0.0005753188225141433
FAT4	0.0
FBLN2	9.588647041902388e-05
FBXO11	0.00028765941125707164
PER1	0.00028765941125707164
PHF6	9.588647041902388e-05
PHOX2B	0.0
PIK3R1	0.0005753188225141433
PML	0.0016300699971234058
PMS2	9.588647041902388e-05
POLD1	0.0
POLE	0.00028765941125707164
POLG	9.588647041902388e-05
POT1	9.588647041902388e-05
PPARG	0.0012465241154473103
PPP2R1A	0.0005753188225141433
PPP6C	0.00028765941125707164
PRDM1	0.00028765941125707164
PRDM2	0.00028765941125707164
PRF1	0.0
PTCH1	0.0003835458816760955
PTEN	0.0017259564675424297
PTPN13	0.0004794323520951194
PTPN6	0.0003835458816760955
PTPRB	0.00019177294083804776
PTPRC	0.0
PTPRD	0.0009588647041902388
PTPRK	0.001534183526704382
PTPRT	0.0009588647041902388
RAD17	0.0004794323520951194
RAD51B	0.003068367053408764
RANBP2	0.00028765941125707164
RB1	0.001534183526704382
RBM10	0.0004794323520951194
RFWD3	0.0
RHOH	0.0004794323520951194
RMI2	0.0005753188225141433
RNF43	0.0004794323520951194
ROBO2	0.0006712052929331671
RPL10	0.00019177294083804776
RPL22	0.0003835458816760955
RPL5	0.0006712052929331671
RSPO2	0.00028765941125707164
SBDS	9.588647041902388e-05
SDHA	0.0005753188225141433
SDHAF2	0.0006712052929331671
SDHB	0.00019177294083804776
SDHC	0.0004794323520951194
SDHD	0.0
SETD1B	0.00028765941125707164
SETD2	0.0018218429379614537
SFPQ	0.0008629782337712149
SFRP4	0.00028765941125707164
SH2B3	0.00028765941125707164
ANKRD18A	9.588647041902388e-05
SPTBN5	9.588647041902388e-05
KIF13A	0.00028765941125707164
SOHLH1	0.0
FAM126A	0.00019177294083804776
CWC22	0.0
FAM76A	0.00028765941125707164
ARHGAP27	0.00019177294083804776
UBN2	0.0
FER1L5	9.588647041902388e-05
CDK5RAP2	0.00028765941125707164
MAP7D2	0.00028765941125707164
AP3B2	0.00019177294083804776
DIP2C	0.0009588647041902388
PPP1R36	9.588647041902388e-05
MAT1A	0.00019177294083804776
CARD14	0.0
NEK1	9.588647041902388e-05
DPY19L1	0.00028765941125707164
SLAMF1	0.00019177294083804776
LINC00442	0.0
GTF2IRD1	0.0011506376450282866
COL4A5	9.588647041902388e-05
SOS2	0.000767091763352191
BMP6	9.588647041902388e-05
AICDA	9.588647041902388e-05
CLCN4	0.00028765941125707164
COL22A1	0.000767091763352191
IZUMO2	9.588647041902388e-05
CA5B	0.0
RAPGEF4	0.0004794323520951194
MAK16	9.588647041902388e-05
GOLGA2P5	9.588647041902388e-05
SLC22A1	0.0
PRICKLE3	9.588647041902388e-05
IGF2	0.001534183526704382
BAZ2B	0.0006712052929331671
SHROOM4	0.00028765941125707164
BRWD1	0.0012465241154473103
CNBD2	0.0010547511746092626
COLEC10	0.00028765941125707164
ITGAV	0.0003835458816760955
CEP290	0.0004794323520951194
POLA1	0.0006712052929331671
COLGALT2	0.0004794323520951194
SULT4A1	0.00019177294083804776
CCDC146	0.00028765941125707164
AFAP1L2	0.00028765941125707164
SCN4A	0.0003835458816760955
RIPOR2	0.00028765941125707164
CDH23	0.0003835458816760955
CCDC116	0.0
DHTKD1	0.00028765941125707164
TRMT13	0.0
TMC5	0.0004794323520951194
GLCCI1	0.0005753188225141433
ABLIM3	0.00019177294083804776
PLD1	0.0003835458816760955
METTL25	0.000767091763352191
INTS2	0.0005753188225141433
COL4A3	0.00028765941125707164
HAPLN3	9.588647041902388e-05
RAB28	0.0004794323520951194
CCM2	0.0004794323520951194
EXOC6B	0.0003835458816760955
SHANK3	0.0005753188225141433
BICC1	0.0004794323520951194
TJP3	0.00028765941125707164
FBXL2	9.588647041902388e-05
LTF	9.588647041902388e-05
SRRM3	0.00019177294083804776
TEX9	0.00028765941125707164
LUZP1	0.0003835458816760955
GTF2IRD2B	9.588647041902388e-05
TPTEP2-CSNK1E	0.0
CCL23	0.0
LPA	0.0
ABCA2	0.00019177294083804776
FOLR3	9.588647041902388e-05
TTC28	0.0016300699971234058
MIA2	0.0005753188225141433
DOCK10	0.00019177294083804776
AP1S2	9.588647041902388e-05
KNDC1	9.588647041902388e-05
RNF213	0.0016300699971234058
HINT1	9.588647041902388e-05
TEC	0.0003835458816760955
ANKRD7	0.00019177294083804776
CFAP74	0.00028765941125707164
KIF2A	0.00028765941125707164
CEMIP	0.0003835458816760955
LRP2	0.00019177294083804776
KLHL28	9.588647041902388e-05
UCP3	0.0
ITGB7	9.588647041902388e-05
SNCAIP	0.0004794323520951194
SYCP1	0.00019177294083804776
ASB11	0.0
RUFY3	0.00028765941125707164
ADGRF4	9.588647041902388e-05
IQCF5	0.0
PLAC9P1	0.0
PXDNL	0.0004794323520951194
C5	0.0005753188225141433
C16ORF97	0.00019177294083804776
ITPR1	0.0006712052929331671
CCDC102B	0.0003835458816760955
RSPH10B	0.00019177294083804776
TENT4A	0.0003835458816760955
TTC9B	0.0
SEMA7A	9.588647041902388e-05
SLC26A8	9.588647041902388e-05
DLGAP2	0.00019177294083804776
CD244	0.0003835458816760955
NLRC5	0.00028765941125707164
ERLIN1	9.588647041902388e-05
SLC38A4	9.588647041902388e-05
COL9A3	0.00019177294083804776
ACSS3	0.000767091763352191
RBBP6	9.588647041902388e-05
KIF17	9.588647041902388e-05
PTPN21	0.00019177294083804776
IFT172	0.00028765941125707164
CNTNAP4	0.0
ATL3	0.00019177294083804776
ABTB2	0.0004794323520951194
TTC34	0.00019177294083804776
MYCBP2	0.0008629782337712149
AR	0.0004794323520951194
BMPR1B	0.00019177294083804776
ANKRD13B	0.0004794323520951194
FGD5	0.0005753188225141433
PRR22	0.0
PRPF39	0.0003835458816760955
ITGA1	9.588647041902388e-05
TNS1	0.000767091763352191
ITFG2	0.0004794323520951194
CCDC105	9.588647041902388e-05
CYB5R4	0.0003835458816760955
FRYL	0.0013424105858663342
C6ORF118	9.588647041902388e-05
FAM13C	0.0003835458816760955
LIMCH1	0.0010547511746092626
NUP210L	0.0005753188225141433
CFAP46	0.00019177294083804776
DPP10	9.588647041902388e-05
FNIP1	0.0006712052929331671
SLC12A2	0.0005753188225141433
ZFTA	9.588647041902388e-05
DOCK9	0.000767091763352191
MTMR12	0.0005753188225141433
ARHGEF15	0.0
NCAM1	0.0003835458816760955
PLEKHG5	0.0006712052929331671
DOCK11	0.0004794323520951194
PEX5L	0.0003835458816760955
SLC1A1	0.00028765941125707164
MRC2	0.0006712052929331671
TTC7A	0.0
DOCK4	0.0004794323520951194
PKD1P5	0.0
NAA25	0.0004794323520951194
ARMC3	0.00019177294083804776
SCN7A	9.588647041902388e-05
PEX5	0.00028765941125707164
HERC2	0.0003835458816760955
ESPN	0.00028765941125707164
EXD1	0.0
PIKFYVE	0.00028765941125707164
DDX3Y	0.0
RBM33	0.0003835458816760955
SMOC1	0.00019177294083804776
TAF4B	0.00028765941125707164
UBR1	0.0004794323520951194
PAPPA	0.0
TMEM63C	0.0
SLC6A14	0.0
AGAP14P	0.0
NDRG4	9.588647041902388e-05
HECTD4	0.0016300699971234058
RAB11FIP3	0.0004794323520951194
NAV3	0.0016300699971234058
CELF6	9.588647041902388e-05
MYO1A	9.588647041902388e-05
ALPK1	0.0003835458816760955
ULK4	0.00028765941125707164
SLIT2	9.588647041902388e-05
PHETA2	9.588647041902388e-05
TENM2	0.00019177294083804776
HORMAD2	0.00028765941125707164
ELOVL4	0.0
DAO	9.588647041902388e-05
KIAA1109	0.0006712052929331671
NRK	9.588647041902388e-05
CDK14	0.0014382970562853582
CLIP1	0.0004794323520951194
STPG1	0.00019177294083804776
SZT2	0.00019177294083804776
C8B	9.588647041902388e-05
DRC7	0.00028765941125707164
KCNH3	0.0
PFKFB4	0.0005753188225141433
MUC19	0.00019177294083804776
BBS7	9.588647041902388e-05
DDX25	9.588647041902388e-05
KIF16B	0.0009588647041902388
KANK1	0.0006712052929331671
KALRN	0.0010547511746092626
DOCK6	0.0009588647041902388
CPAMD8	0.0008629782337712149
IQCE	0.00019177294083804776
LINC02475	0.0
PLA2G4D	9.588647041902388e-05
DHRS7C	0.0
UHRF1BP1	0.0004794323520951194
KLC3	9.588647041902388e-05
MAP4K1	0.0003835458816760955
GCK	0.0003835458816760955
TXNL4B	0.0
ADGRA3	0.00028765941125707164
NBPF8	0.0
SFI1	0.0004794323520951194
DENND6B	0.00028765941125707164
RASGRF2	9.588647041902388e-05
GGT4P	0.0
ADCY9	0.0016300699971234058
RADX	0.0
HERC5	0.0
CTNNA2	0.000767091763352191
TIE1	0.0
ZMYND15	9.588647041902388e-05
TPTE2	9.588647041902388e-05
TTN	9.588647041902388e-05
MTCP1	0.00028765941125707164
FAXDC2	0.0
SRPX2	0.0
AGFG1	0.00019177294083804776
PLA2G4A	0.0
ATP13A4	0.00019177294083804776
HERC3	9.588647041902388e-05
PTPRZ1	0.0008629782337712149
RBL1	0.0010547511746092626
LRBA	0.0016300699971234058
TMOD2	9.588647041902388e-05
ZNF783	0.0
MTTP	0.0
ADAMTSL1	0.0003835458816760955
SPEF1	0.0
CEP85L	0.0005753188225141433
MELTF	0.0006712052929331671
SPTBN2	0.0005753188225141433
SRGAP2	0.0010547511746092626
MSS51	9.588647041902388e-05
DNAJC6	0.00019177294083804776
CPA1	0.00028765941125707164
EGF	0.00019177294083804776
ANKRD30B	0.0
CNTNAP1	0.0
PLAT	0.0005753188225141433
TBC1D3P2	0.0
ROBO1	0.0006712052929331671
MAP3K15	0.00019177294083804776
MASP1	9.588647041902388e-05
LRRC36	9.588647041902388e-05
ZNF34	0.0
SLC4A7	0.0
SAP130	0.00019177294083804776
GULP1	0.000767091763352191
NAA16	0.0
SLC15A1	0.00019177294083804776
HELZ2	0.0003835458816760955
CHP2	0.0
LRRIQ1	0.0006712052929331671
GAB4	9.588647041902388e-05
CHL1	0.00028765941125707164
URB1	0.00028765941125707164
ATCAY	0.00019177294083804776
KIF1B	0.0011506376450282866
HAGLR	0.0
FGD1	9.588647041902388e-05
FHIP2A	0.0004794323520951194
AFG1L	0.000767091763352191
CLASP2	0.0003835458816760955
SLC7A2	0.00028765941125707164
DPF1	0.0005753188225141433
SLC1A6	0.000767091763352191
BTRC	0.00028765941125707164
PHYHIP	0.00019177294083804776
CSNK2A1	0.00028765941125707164
SHOC1	0.00028765941125707164
DUOX1	0.0
LNPEP	0.00028765941125707164
CFAP43	0.00028765941125707164
F2RL3	0.0
STK32B	0.0003835458816760955
PPFIA2	0.0010547511746092626
DIP2A	0.0006712052929331671
IQCH	0.0004794323520951194
ARHGAP32	0.0008629782337712149
DNAH12	9.588647041902388e-05
CHL1-AS2	0.0
ABI3BP	0.0003835458816760955
CORIN	0.0003835458816760955
PLA2G4E	9.588647041902388e-05
ADAMTSL2	0.00019177294083804776
MAST4	0.000767091763352191
CR1	9.588647041902388e-05
RASSF6	9.588647041902388e-05
C1ORF167	0.0
NR1I2	0.0
MYO18B	0.0005753188225141433
PER2	0.00019177294083804776
PFKFB2	9.588647041902388e-05
FLT1	0.0
ZNF862	0.0
DOCK8	0.0004794323520951194
RETREG2	9.588647041902388e-05
MBTD1	0.000767091763352191
ITGA9	0.000767091763352191
ARX	0.0
LAMA3	0.001534183526704382
ABCA9	0.0006712052929331671
CPNE8	0.000767091763352191
AGPAT3	0.0010547511746092626
DNAH7	0.00028765941125707164
IDE	0.0003835458816760955
RGPD3	0.0
GFRA1	0.00019177294083804776
MTARC2	0.0
TRDN	0.00028765941125707164
CCDC154	9.588647041902388e-05
DST	0.0013424105858663342
PATL2	0.00019177294083804776
DRICH1	0.00019177294083804776
ZNF408	0.0
CAPN3	0.00019177294083804776
CACNA1C	0.0012465241154473103
SLC4A4	0.0010547511746092626
ALDH3A1	0.0004794323520951194
CNTN4	0.00019177294083804776
GOLGA6B	0.0
ANKS1A	0.0003835458816760955
SETD6	0.0
DCAF17	9.588647041902388e-05
VWCE	0.00019177294083804776
SLC23A3	0.0
LAMC3	0.00028765941125707164
HCFC2	0.0003835458816760955
GATA5	0.00019177294083804776
CC2D2A	0.00019177294083804776
ANO5	0.00019177294083804776
CD109	0.00019177294083804776
CLNK	9.588647041902388e-05
ADAM11	0.0
MYOM2	9.588647041902388e-05
SDHAP1	0.00019177294083804776
DYDC2	0.0
REG1CP	0.0
BTAF1	0.0003835458816760955
RDM1	0.0
CYP4F62P	0.0
CRACD	0.0006712052929331671
APOA5	9.588647041902388e-05
RELN	0.0005753188225141433
GRIA2	0.0
TSPAN12	0.0
ENPEP	9.588647041902388e-05
ANKRD36B	0.0
CLEC12A	9.588647041902388e-05
N4BP3	0.0
PLCH2	0.00019177294083804776
UTY	0.0
ODR4	9.588647041902388e-05
CDH19	9.588647041902388e-05
PDPK1	0.0004794323520951194
THAP9	0.0
STAB2	0.0003835458816760955
LRRC37A2	9.588647041902388e-05
RIF1	0.00028765941125707164
TASL	9.588647041902388e-05
PAN3	0.0006712052929331671
SMG1	0.0012465241154473103
YPEL2	0.0009588647041902388
TRAM2-AS1	0.0
CACNA1S	9.588647041902388e-05
LNX2	0.0
TPSAB1	0.0
NBPF12	9.588647041902388e-05
MPDZ	0.0003835458816760955
THOC2	0.00019177294083804776
DACH1	0.0003835458816760955
DLG2	0.0012465241154473103
UBR4	0.0004794323520951194
CLCN2	0.0
SLC10A7	0.00028765941125707164
ZSWIM6	9.588647041902388e-05
CDNF	0.0
ECM2	0.0
AUTS2	0.0012465241154473103
DNAI4	0.00019177294083804776
ZIM2	9.588647041902388e-05
ADNP-AS1	0.0
NXF3	0.0004794323520951194
CREBBP	0.0020136158787995013
NR6A1	0.0003835458816760955
MEIOB	0.00028765941125707164
COL12A1	9.588647041902388e-05
MRC1	0.00019177294083804776
FKBP1B	0.0
PITPNM2	0.000767091763352191
COL27A1	0.0006712052929331671
PLG	0.0
ARID3A	0.000767091763352191
MYH7B	0.00019177294083804776
WDR19	0.0003835458816760955
HMCN1	0.0004794323520951194
CTSW	9.588647041902388e-05
ANKRD20A5P	0.0
PALD1	0.0
SLC9A3	9.588647041902388e-05
TESK2	0.0005753188225141433
NACAD	0.0
ANGPTL6	9.588647041902388e-05
TTLL6	0.00019177294083804776
CARMIL3	9.588647041902388e-05
KCNIP3	0.00028765941125707164
ZKSCAN1	0.00028765941125707164
PRKAR2B	0.0003835458816760955
FRMPD2B	0.0
USP34	0.0006712052929331671
UNC13D	0.0003835458816760955
ACACB	0.00028765941125707164
UPF3B	0.00019177294083804776
PRSS53	9.588647041902388e-05
PDE7B	0.00019177294083804776
LIMD1	0.00019177294083804776
ANTXRL	0.0
GSTCD	0.0003835458816760955
ASZ1	0.00019177294083804776
PCBP3	0.0004794323520951194
PFN4	0.0
SYPL2	9.588647041902388e-05
PNLDC1	9.588647041902388e-05
NEB	0.0
SVEP1	0.00028765941125707164
SYNJ1	9.588647041902388e-05
MON2	0.0003835458816760955
EPS8L3	0.0
CCDC88A	0.00028765941125707164
MTUS2	0.0008629782337712149
USP42	0.00028765941125707164
COL4A4	0.0
ITIH3	9.588647041902388e-05
SYNE3	0.00019177294083804776
ITGA8	0.0003835458816760955
FRS2	0.0038354588167609552
ST14	0.0003835458816760955
ZMYM4	0.0006712052929331671
ADAMTS2	0.0003835458816760955
USP53	9.588647041902388e-05
VWA8	0.000767091763352191
LINC01355	0.0
SLC36A1	9.588647041902388e-05
GARNL3	0.0004794323520951194
ATG2B	0.00019177294083804776
TFCP2L1	0.00019177294083804776
DSE	0.00028765941125707164
TTC23	0.00028765941125707164
ATG4C	0.0003835458816760955
SLC27A5	0.00019177294083804776
PER3	0.0003835458816760955
SLC37A2	0.0
FBXL13	9.588647041902388e-05
SEMA4F	0.0
CFAP57	0.00019177294083804776
PLIN4	0.0
IQSEC1	0.0004794323520951194
ITPR2	0.001534183526704382
PHOSPHO2	0.0
SBF2	0.0012465241154473103
TUBGCP4	0.00019177294083804776
COL7A1	0.0004794323520951194
DMD	0.0006712052929331671
NOSTRIN	9.588647041902388e-05
SMG1P5	9.588647041902388e-05
ZFR2	0.00028765941125707164
NT5DC3	0.0003835458816760955
MYO5A	0.0008629782337712149
SECISBP2L	0.0
LGR6	0.00028765941125707164
ITIH2	9.588647041902388e-05
RPGRIP1	9.588647041902388e-05
DAPP1	0.00019177294083804776
NCOA2	0.0009588647041902388
NFATC2	0.00019177294083804776
NFE2L2	0.0009588647041902388
NFKB2	0.0
NKX2-1	0.00019177294083804776
NOTCH1	0.0008629782337712149
NOTCH2	0.001534183526704382
NPM1	0.00028765941125707164
NR4A3	9.588647041902388e-05
NRAS	9.588647041902388e-05
NSD2	0.0011506376450282866
NSD3	0.003068367053408764
NT5C2	0.0004794323520951194
NTRK1	0.0013424105858663342
NTRK3	0.001534183526704382
NUP98	0.0009588647041902388
NUTM1	9.588647041902388e-05
P2RY8	9.588647041902388e-05
PABPC1	0.0006712052929331671
PAX3	0.0
PAX5	0.0003835458816760955
PBX1	0.0014382970562853582
PDCD1LG2	0.0
PDGFB	0.00019177294083804776
PDGFRA	0.0011506376450282866
PDGFRB	0.00019177294083804776
PIK3CA	0.0004794323520951194
PIK3CB	0.0008629782337712149
PIM1	0.0
PLAG1	0.0
PLCG1	0.0003835458816760955
POLQ	0.0
POU2AF1	0.00028765941125707164
POU5F1	0.0
PPM1D	0.0005753188225141433
PRDM16	0.0003835458816760955
PREX2	0.0004794323520951194
PRKACA	0.0010547511746092626
PRKAR1A	0.0004794323520951194
PSIP1	0.00028765941125707164
PTK6	0.00019177294083804776
PTPN11	0.0004794323520951194
QKI	0.000767091763352191
RAC1	0.0
RAD21	9.588647041902388e-05
RAF1	0.002397161760475597
RAP1GDS1	0.0004794323520951194
RARA	0.004602550580113146
RECQL4	0.00019177294083804776
A1CF	0.0
ABL1	0.0012465241154473103
ABL2	0.00019177294083804776
ACKR3	0.00028765941125707164
ACVR1	0.0004794323520951194
AFDN	0.0009588647041902388
AFF3	0.0010547511746092626
AFF4	0.0005753188225141433
AKT1	0.0
AKT2	0.0009588647041902388
AKT3	0.0006712052929331671
ALK	0.0017259564675424297
APOBEC3B	0.0
ARAF	0.0
ARHGAP5	0.0010547511746092626
ARNT	0.0004794323520951194
ATF1	0.0003835458816760955
ATP1A1	0.000767091763352191
BCL11A	0.0004794323520951194
BCL11B	9.588647041902388e-05
BCL2	0.00019177294083804776
BCL2L12	9.588647041902388e-05
BCL3	0.0006712052929331671
BCL6	0.00028765941125707164
BCL9	0.0004794323520951194
BCL9L	9.588647041902388e-05
BCORL1	0.00019177294083804776
BIRC3	9.588647041902388e-05
BIRC6	0.0008629782337712149
BMPR1A	0.0004794323520951194
BRAF	0.002301275290056573
BRD3	0.00019177294083804776
BRD4	0.0017259564675424297
BTK	9.588647041902388e-05
CACNA1D	0.0003835458816760955
CALR	0.00019177294083804776
CARD11	0.0003835458816760955
CBL	0.000767091763352191
CBLC	0.00019177294083804776
CCND1	0.0003835458816760955
CCND2	0.00019177294083804776
CCND3	0.0013424105858663342
CCNE1	0.00019177294083804776
CCR4	0.0
CCR7	0.0005753188225141433
CD28	0.0
CD74	0.00028765941125707164
CD79B	9.588647041902388e-05
FLI1	0.0
FLT3	0.0003835458816760955
FLT4	0.00028765941125707164
FOXA1	0.0003835458816760955
FOXO1	0.0004794323520951194
FOXO3	0.0003835458816760955
FOXO4	0.0
FOXP1	0.0017259564675424297
FOXR1	0.00019177294083804776
FSTL3	9.588647041902388e-05
FUBP1	0.0003835458816760955
GATA1	0.0
GATA2	0.0
GLI1	0.0004794323520951194
GNA11	0.00019177294083804776
GNAQ	0.0004794323520951194
GNAS	0.001534183526704382
GPC3	0.0003835458816760955
H3-3A	9.588647041902388e-05
H3-3B	9.588647041902388e-05
HEY1	0.0
HIF1A	0.00028765941125707164
HIP1	0.0005753188225141433
H3C2	0.0
HLF	9.588647041902388e-05
HMGA1	9.588647041902388e-05
HMGA2	0.0017259564675424297
HNRNPA2B1	0.0004794323520951194
HOXA11	0.0
HOXA13	9.588647041902388e-05
HOXA9	0.0
HOXC11	0.0
HOXC13	0.0
HOXD13	0.0
HRAS	0.00028765941125707164
IDH1	0.00019177294083804776
IDH2	0.00028765941125707164
IKBKB	0.000767091763352191
IL6ST	0.0003835458816760955
IL7R	0.0
IRF4	0.00028765941125707164
IRS4	0.0
JAK1	0.0006712052929331671
JAK2	0.0006712052929331671
JAK3	9.588647041902388e-05
JUN	0.0
TP63	0.0003835458816760955
TRIM24	0.0006712052929331671
TRIM27	0.00019177294083804776
TRRAP	0.0004794323520951194
TSHR	0.0004794323520951194
U2AF1	9.588647041902388e-05
UBR5	0.0010547511746092626
USP6	9.588647041902388e-05
USP8	0.0008629782337712149
WAS	0.0
WT1	9.588647041902388e-05
WWTR1	0.000767091763352191
XPO1	0.00019177294083804776
ZEB1	0.00028765941125707164
ZNF521	0.0005753188225141433
REL	0.0004794323520951194
RET	0.0037395723463419313
RHOA	0.0011506376450282866
RSPO3	0.00028765941125707164
RUNX1	0.0018218429379614537
SALL4	9.588647041902388e-05
SET	0.00019177294083804776
SETBP1	9.588647041902388e-05
SETDB1	0.0004794323520951194
SF3B1	9.588647041902388e-05
SGK1	0.00028765941125707164
SH3GL1	0.0010547511746092626
SIX1	0.00019177294083804776
SIX2	0.0
SKI	0.0005753188225141433
SMO	0.00028765941125707164
SND1	0.0018218429379614537
SOX2	0.0
SRC	0.0005753188225141433
SRSF2	0.00019177294083804776
SRSF3	0.00028765941125707164
SSX1	0.0003835458816760955
SSX2	0.0006712052929331671
SSX4	0.0
STAT3	0.0010547511746092626
STAT5B	0.000767091763352191
STAT6	0.0003835458816760955
STIL	0.0
SUZ12	0.000767091763352191
SYK	0.00019177294083804776
TAF15	0.0009588647041902388
TAL1	0.00019177294083804776
TAL2	0.0
TBL1XR1	0.0020136158787995013
TBX3	0.00028765941125707164
TCF3	0.000767091763352191
TCF7L2	0.0011506376450282866
TCL1A	0.0
TERT	0.0018218429379614537
TET1	0.00028765941125707164
TFE3	0.001534183526704382
TFEB	0.0010547511746092626
TLX1	0.0
TLX3	9.588647041902388e-05
TNC	0.0004794323520951194
TNFRSF17	9.588647041902388e-05
TP53	0.002301275290056573
CDH17	0.0003835458816760955
CDK4	0.000767091763352191
CDK6	0.0003835458816760955
CDKN1A	9.588647041902388e-05
CHD4	0.0006712052929331671
CHST11	0.0004794323520951194
CIC	0.0005753188225141433
CREB1	0.00019177294083804776
CREB3L2	0.0003835458816760955
CRLF2	0.0
CRTC1	0.0004794323520951194
CSF1R	9.588647041902388e-05
CSF3R	0.0
CTNNB1	0.0003835458816760955
CUX1	0.0013424105858663342
CXCR4	0.00028765941125707164
CYSLTR2	0.00028765941125707164
DAXX	0.00028765941125707164
DDB2	9.588647041902388e-05
DDIT3	0.00019177294083804776
DDR2	0.0008629782337712149
DDX5	0.0005753188225141433
DDX6	0.00019177294083804776
DEK	0.00019177294083804776
DGCR8	0.0006712052929331671
EGFR	0.0025889347013136445
ELF4	0.0
ELK4	0.0004794323520951194
EPAS1	0.00028765941125707164
ERBB2	0.004794323520951194
ERBB3	0.0008629782337712149
ERBB4	0.0006712052929331671
ERG	0.019944385847156965
ESR1	0.0013424105858663342
ETV1	0.0013424105858663342
ETV4	0.001534183526704382
ETV5	0.0003835458816760955
EWSR1	0.0009588647041902388
EZH2	0.00028765941125707164
FCGR2B	0.0
FCRL4	0.0
FES	0.0
FEV	0.0
FGFR1	0.0008629782337712149
FGFR2	0.0018218429379614537
FGFR3	0.0036436858759229074
FGFR4	0.0
KAT6A	0.0016300699971234058
KAT7	0.0006712052929331671
KCNJ5	0.0
KDM5A	0.000767091763352191
KDM6A	0.0010547511746092626
KDR	0.0
KIT	0.0003835458816760955
KLF4	9.588647041902388e-05
KMT2A	0.0013424105858663342
KMT2D	0.0005753188225141433
KNSTRN	0.00019177294083804776
KRAS	0.00019177294083804776
LCK	0.00028765941125707164
LEF1	9.588647041902388e-05
LMO1	0.0
LMO2	0.00019177294083804776
LPP	0.0021095023492185253
LYL1	0.0
MACC1	9.588647041902388e-05
MAF	9.588647041902388e-05
MAFB	0.0
MALAT1	0.0003835458816760955
MALT1	9.588647041902388e-05
MAML2	0.0004794323520951194
MAP2K1	0.0003835458816760955
MAP2K2	0.0006712052929331671
MAP2K4	0.0009588647041902388
MAP3K1	0.00019177294083804776
MAP3K13	0.0012465241154473103
MAPK1	0.001534183526704382
MDM2	0.0021095023492185253
MDM4	0.00019177294083804776
MECOM	0.0018218429379614537
MET	0.0010547511746092626
MITF	0.0004794323520951194
MLLT10	0.0014382970562853582
MN1	9.588647041902388e-05
MPL	9.588647041902388e-05
MRTFA	0.0016300699971234058
MSI2	0.0037395723463419313
MTOR	0.0012465241154473103
MUC16	0.0006712052929331671
MUC4	9.588647041902388e-05
MYB	0.0003835458816760955
MYC	0.0003835458816760955
MYCL	0.0
MYCN	0.0
MYD88	9.588647041902388e-05
MYOD1	0.0
PHF20L1	0.00028765941125707164
TGDS	9.588647041902388e-05
SYDE1	0.0
ANKRD29	0.0005753188225141433
CNEP1R1	9.588647041902388e-05
KIFC3	0.0004794323520951194
ZDHHC21	0.0003835458816760955
NAPG	0.00028765941125707164
CTNNA1	0.0012465241154473103
NSMCE2	0.0011506376450282866
OSGEP	0.0
MIGA2	9.588647041902388e-05
RILPL2	0.0003835458816760955
PLXDC2	0.0005753188225141433
CRYZ	0.00019177294083804776
NNMT	0.00028765941125707164
MGST3	0.00028765941125707164
ARL10	0.0
FAM219A	0.0004794323520951194
KATNIP	0.00019177294083804776
DNAJC7	0.0006712052929331671
PFDN6	0.0
UPF3A	0.00028765941125707164
ARFIP2	0.0
NPTX2	0.0
PRKRA	0.00019177294083804776
OBSL1	0.00019177294083804776
CDC25B	0.0
MTFR1L	9.588647041902388e-05
ZNF558	9.588647041902388e-05
ATG5	0.0013424105858663342
HSBP1L1	0.00019177294083804776
FLT3LG	0.0004794323520951194
PSME2	9.588647041902388e-05
RIPOR3	0.0003835458816760955
MEAK7	9.588647041902388e-05
NMNAT2	0.0004794323520951194
SIRT6	0.00028765941125707164
NDN	0.0
SNX9	0.0006712052929331671
ARIH2	0.0006712052929331671
CD151	0.0003835458816760955
PPIH	9.588647041902388e-05
ZNF630	0.0
MBIP	9.588647041902388e-05
DDTL	9.588647041902388e-05
TRAPPC3	0.00019177294083804776
C1QTNF6	0.00019177294083804776
TMEM170B	0.00019177294083804776
PPCS	0.0
BCAP31	0.00028765941125707164
COBLL1	0.0004794323520951194
TMEM138	0.00019177294083804776
ZNF12	0.0
CRBN	9.588647041902388e-05
ATP11A	0.0010547511746092626
EBF4	9.588647041902388e-05
ZMAT1	0.0
SAP30	0.0003835458816760955
DPY19L3	0.00028765941125707164
UGGT2	0.00019177294083804776
HINFP	0.0
C1ORF35	0.0
MAP4K4	0.0008629782337712149
PKD2	0.0
WBP4	9.588647041902388e-05
GAB3	9.588647041902388e-05
SERPING1	0.0
NR2C2AP	9.588647041902388e-05
RABEP1	0.0011506376450282866
LMBR1L	0.0003835458816760955
PANK2	0.0003835458816760955
TGIF1	0.00019177294083804776
STARD3NL	9.588647041902388e-05
BRICD5	0.0
RPRD1A	0.0005753188225141433
HEMK1	0.00028765941125707164
ITPRID2	0.00019177294083804776
TBCB	0.00028765941125707164
ZNF789	0.0003835458816760955
PHF19	9.588647041902388e-05
AK3	0.00028765941125707164
TMEM14B	0.00028765941125707164
ITSN1	0.0008629782337712149
PARVG	0.0
AKR1E2	0.0006712052929331671
NR2C1	0.0003835458816760955
NDUFAF6	0.0010547511746092626
JADE1	0.00019177294083804776
BET1	9.588647041902388e-05
PDRG1	0.00019177294083804776
DPH2	0.0
RDH11	0.0003835458816760955
NAE1	0.00019177294083804776
ZGPAT	9.588647041902388e-05
DVL2	0.0003835458816760955
PELP1	0.0009588647041902388
PIWIL4	0.00028765941125707164
TNFRSF1A	9.588647041902388e-05
DNM3	0.0010547511746092626
CTNNAL1	0.00019177294083804776
TMEM126A	0.00019177294083804776
CCAR1	0.00019177294083804776
SPHK1	0.0
AKR1B1	9.588647041902388e-05
KIF7	9.588647041902388e-05
IGF1	0.00028765941125707164
CZIB	9.588647041902388e-05
AEBP2	0.0010547511746092626
ARF4	9.588647041902388e-05
NMRK2	0.0
NIT2	0.00028765941125707164
SLC35F5	9.588647041902388e-05
CSGALNACT2	0.00019177294083804776
DCAF4	0.00019177294083804776
MPV17	0.0
ZNF502	0.0
ZC3H7A	0.0003835458816760955
TTC19	0.0003835458816760955
PKDCC	0.00028765941125707164
PDGFA	0.00028765941125707164
NUP42	0.0004794323520951194
TENT2	0.00019177294083804776
PRKAA2	0.00019177294083804776
SFT2D1	9.588647041902388e-05
MRNIP	0.00028765941125707164
GNB4	9.588647041902388e-05
UBE2Q2	0.0004794323520951194
PPP1R35	0.0
TMEM223	0.00019177294083804776
MYO7A	0.0006712052929331671
OXTR	9.588647041902388e-05
RHOU	0.00028765941125707164
UTP11	0.0
STX2	0.00019177294083804776
WDFY3	0.0004794323520951194
VNN1	9.588647041902388e-05
UBA3	0.0005753188225141433
NHS	0.00019177294083804776
NEK7	0.0005753188225141433
ATP6V1D	0.00019177294083804776
TMEM208	0.0
COA1	0.0005753188225141433
RTL8A	0.0
ACYP2	0.0005753188225141433
KBTBD2	0.0004794323520951194
U2SURP	9.588647041902388e-05
PTCD1	9.588647041902388e-05
MTMR2	0.0006712052929331671
ERCC1	0.0003835458816760955
NEMP1	0.0003835458816760955
ZNF319	9.588647041902388e-05
PCNP	0.00019177294083804776
PTGFRN	0.0004794323520951194
ENDOV	0.0006712052929331671
UBAC2	0.0006712052929331671
WDR11	0.00028765941125707164
RAB31	0.00019177294083804776
SENP5	0.000767091763352191
MTMR10	9.588647041902388e-05
ATP6V1H	0.0006712052929331671
PALS2	0.00028765941125707164
RPL32	0.0003835458816760955
VIPR2	0.00019177294083804776
STK32C	0.00028765941125707164
CTU2	0.00019177294083804776
MOB1B	0.0005753188225141433
ESD	0.00028765941125707164
FNDC3B	0.0014382970562853582
CNOT2	0.0025889347013136445
USB1	0.00028765941125707164
NEDD8	0.00019177294083804776
SLC35F2	0.0004794323520951194
SLC19A2	0.00019177294083804776
AHR	0.0003835458816760955
ORC4	0.00028765941125707164
TM2D1	9.588647041902388e-05
LBR	9.588647041902388e-05
ALG13	9.588647041902388e-05
BNIP3	0.0
NFKBIL1	9.588647041902388e-05
CFH	0.00028765941125707164
DNAJC8	0.00019177294083804776
CHCHD1	0.00028765941125707164
NCS1	0.00028765941125707164
IFT52	0.0005753188225141433
TMEM150A	0.00019177294083804776
ZNF394	0.0
PARP4	0.0003835458816760955
FLRT2	0.0
GCA	9.588647041902388e-05
CHST10	9.588647041902388e-05
PHF14	0.0005753188225141433
RSAD1	9.588647041902388e-05
C1S	0.0003835458816760955
TCEAL9	0.0
PRNP	0.0
CD207	0.0
ZNF639	0.0
LSM1	0.0010547511746092626
NKX3-1	0.0
TRIM52	0.0
LAMB1	0.0005753188225141433
FNTA	0.000767091763352191
EMG1	0.0
LSM5	0.0
EIF4A3	9.588647041902388e-05
COX19	0.0
PIEZO1	0.0004794323520951194
DTWD1	0.00019177294083804776
NMRAL1	9.588647041902388e-05
ADPRM	0.0
CTSA	0.00028765941125707164
ZNHIT1	9.588647041902388e-05
KANSL1L	0.0003835458816760955
TBRG1	0.0
PAPLN	0.00019177294083804776
RBM14-RBM4	0.0
NDUFAF5	0.00019177294083804776
HOOK3	0.0016300699971234058
SNRPD2	9.588647041902388e-05
COL5A2	0.00028765941125707164
HSPB11	0.00028765941125707164
NDUFS5	0.00028765941125707164
EXOSC8	9.588647041902388e-05
PAXBP1	9.588647041902388e-05
UHRF2	0.0005753188225141433
PTS	0.0
WDR41	9.588647041902388e-05
ATG7	0.0008629782337712149
BDH2	9.588647041902388e-05
BCAT1	0.0006712052929331671
PTBP2	0.00019177294083804776
USP40	0.00019177294083804776
EVC2	0.00028765941125707164
RRP8	9.588647041902388e-05
ZNF621	9.588647041902388e-05
CEP89	0.0003835458816760955
MRPL22	9.588647041902388e-05
PNKP	0.0
NUMBL	0.0003835458816760955
CNIH3	0.0005753188225141433
ATP6V0B	0.0
ZNF160	0.00019177294083804776
DCUN1D4	0.0004794323520951194
TRIT1	0.0003835458816760955
TAZ	0.0
TPGS1	0.00019177294083804776
MRPL32	0.0
GLMN	0.0
MRPS25	0.0
CCDC14	0.0003835458816760955
PCDHA4	0.0
PPWD1	0.0003835458816760955
RBM6	0.0008629782337712149
ERMARD	0.0
SS18L2	0.0
BTBD19	0.0
GTF2F2	0.000767091763352191
VGLL4	0.0008629782337712149
L3HYPDH	9.588647041902388e-05
GTF3A	0.0
SSBP1	0.00019177294083804776
INO80D	0.0
HSPBAP1	0.0
SLC8B1	9.588647041902388e-05
STX1A	0.0
GET4	0.00028765941125707164
ZMYM2	0.0004794323520951194
PTPN14	0.0003835458816760955
RHBDF1	0.00028765941125707164
PMPCA	0.00019177294083804776
FGFR1OP2	9.588647041902388e-05
ZNF662	0.0
TTLL3	0.00028765941125707164
STK19	9.588647041902388e-05
IRGQ	0.0
NPHP3	0.0
MICOS10	0.0003835458816760955
POMGNT1	9.588647041902388e-05
CLEC4A	9.588647041902388e-05
LSM8	0.0
FDX2	0.00028765941125707164
PRELID3A	0.0
ZNF655	0.0
LCN15	9.588647041902388e-05
SPAG7	0.00019177294083804776
CENPT	0.0
THUMPD2	9.588647041902388e-05
STX10	9.588647041902388e-05
ZSWIM7	9.588647041902388e-05
GABBR1	0.0
ABCC10	0.00019177294083804776
MBOAT7	0.0003835458816760955
HSCB	0.0004794323520951194
KYAT1	9.588647041902388e-05
C11ORF21	0.0
UQCRH	0.00028765941125707164
CD276	0.00019177294083804776
PRAM1	0.0
ALDH1A3	0.00028765941125707164
MXD3	0.00019177294083804776
RCN3	0.0003835458816760955
USP24	0.0004794323520951194
RPE	9.588647041902388e-05
TMEM14C	9.588647041902388e-05
SUPT7L	0.00019177294083804776
POU3F2	0.0
WRAP73	0.0
SOAT1	9.588647041902388e-05
MED27	0.0005753188225141433
COPS8	9.588647041902388e-05
GLA	9.588647041902388e-05
C14ORF119	0.0
PUSL1	0.0
LRRC42	0.00019177294083804776
CASP4	0.0
RAP1GAP2	0.00019177294083804776
UTP6	0.0004794323520951194
TRIB2	0.0
MOSPD1	0.0
LSM10	0.00019177294083804776
GCFC2	0.0
METTL5	9.588647041902388e-05
AP4M1	0.00028765941125707164
SETDB2	0.00028765941125707164
SNRPA	0.00028765941125707164
MNAT1	0.0011506376450282866
OPRD1	0.00019177294083804776
DHX15	0.00028765941125707164
DECR2	0.00019177294083804776
FERMT2	9.588647041902388e-05
TATDN1	0.000767091763352191
SCARB2	0.0005753188225141433
MTRF1	9.588647041902388e-05
SNF8	0.0005753188225141433
EFNB1	0.0
NUP43	0.00028765941125707164
MTHFD2L	0.00028765941125707164
STX18	0.00019177294083804776
RO60	9.588647041902388e-05
PPP5D1	0.00019177294083804776
HEBP2	9.588647041902388e-05
ALPK3	0.0
MSN	0.00028765941125707164
ACYP1	0.0
PXDC1	9.588647041902388e-05
ZNF84	0.0
VIM	0.0004794323520951194
NIPSNAP2	0.00028765941125707164
CLIP4	0.00028765941125707164
BMP1	9.588647041902388e-05
MMP28	0.00028765941125707164
DDX47	9.588647041902388e-05
S100B	0.0
TMTC2	0.0013424105858663342
TMEM86B	0.0
PDGFC	0.0
PLIN5	0.0
GOLGA8N	0.0
HMGB1	0.00019177294083804776
GTPBP3	0.00019177294083804776
CRMP1	0.00028765941125707164
TMA7	0.0
EXOC1	0.0004794323520951194
ZNF8	0.00019177294083804776
ROR1	0.00019177294083804776
EIF3M	0.0004794323520951194
LEPROT	0.00028765941125707164
S100A13	0.0003835458816760955
CAV2	0.00028765941125707164
TRNAU1AP	0.0003835458816760955
MROH1	0.0010547511746092626
SMIM29	0.0
UBE2G2	0.0004794323520951194
HAGHL	0.0
ZNF251	0.0003835458816760955
PIK3CD	0.00019177294083804776
DLST	9.588647041902388e-05
DPAGT1	9.588647041902388e-05
CLCN7	9.588647041902388e-05
UCKL1	0.0006712052929331671
SLC30A7	0.00019177294083804776
SEC22B	0.0006712052929331671
EEF1AKMT1	9.588647041902388e-05
IMPDH1	9.588647041902388e-05
YIF1B	0.0003835458816760955
KDM1A	0.00019177294083804776
SLC39A4	9.588647041902388e-05
RIC1	0.0005753188225141433
PDCD2	9.588647041902388e-05
PABPC4	0.00019177294083804776
AUP1	0.0
HEXD	0.0003835458816760955
NEURL4	0.00019177294083804776
FMNL2	0.0005753188225141433
KIAA0753	0.0006712052929331671
BBS2	0.00028765941125707164
B3GNTL1	0.00028765941125707164
CASP6	0.0
ZRANB2	0.00019177294083804776
UBAP1L	0.0
EVC	0.00028765941125707164
RNF25	0.00019177294083804776
ESYT3	0.00019177294083804776
TTC4	0.00019177294083804776
RBM17	0.00019177294083804776
MAN2C1	0.00019177294083804776
ADAMTS7	0.00028765941125707164
PLEKHA8	0.00019177294083804776
GATAD1	9.588647041902388e-05
MIIP	0.00019177294083804776
PAM16	0.00019177294083804776
MRRF	0.00019177294083804776
RHPN1	0.0
CMC1	0.0005753188225141433
SDCCAG8	0.0008629782337712149
NOL3	0.0
LTO1	0.0006712052929331671
MYO1F	0.00019177294083804776
GPR35	0.00019177294083804776
ZDHHC1	0.00019177294083804776
GDAP2	0.00019177294083804776
BUD23	0.00019177294083804776
RBMS2	0.0004794323520951194
ACP6	0.0003835458816760955
PTOV1	0.0004794323520951194
PSMG4	0.0
MSH5-SAPCD1	0.0
RTEL1-TNFRSF6B	0.0
BLVRA	0.0003835458816760955
ZNF518B	0.0
KCTD9	0.0
RPL21	9.588647041902388e-05
COPS6	9.588647041902388e-05
PTCD3	0.0
EIF3K	0.0003835458816760955
ZNF226	0.00028765941125707164
EIF3I	0.0
NOP2	0.00019177294083804776
ASPH	0.0009588647041902388
UBR2	0.0014382970562853582
RNASEK	0.0
ADAMTS15	0.0
ZSCAN18	0.00028765941125707164
DNLZ	0.0
ADAP1	0.00028765941125707164
ANKDD1A	0.00028765941125707164
MIPEP	0.0009588647041902388
TSPAN17	9.588647041902388e-05
ACTB	0.0003835458816760955
ILK	9.588647041902388e-05
MRPL55	0.0
GPM6B	0.00019177294083804776
ENAH	0.0003835458816760955
TSPAN31	0.0013424105858663342
SPRY2	0.0
F3	0.00019177294083804776
RNF13	0.0004794323520951194
UBE2L3	0.0006712052929331671
ST3GAL6	9.588647041902388e-05
RNF19A	0.0012465241154473103
ARMCX1	0.0
POLR2G	0.0
OSBPL7	9.588647041902388e-05
NUP54	0.00019177294083804776
CLN5	0.0
TNFAIP8L3	0.00019177294083804776
OSBPL3	0.0005753188225141433
ARMCX2	0.0
TLR2	0.0
NINL	0.0008629782337712149
AKR1C1	0.00019177294083804776
PMPCB	0.00019177294083804776
BEAN1	0.0
FAM184B	9.588647041902388e-05
LPIN3	0.00019177294083804776
MRPL33	0.0003835458816760955
ADAMTS10	9.588647041902388e-05
FBXO17	0.0003835458816760955
COG5	0.0009588647041902388
CCS	0.00028765941125707164
CAPN2	0.00028765941125707164
C11ORF49	0.000767091763352191
LYRM4	0.000767091763352191
DCTD	0.00019177294083804776
RCBTB1	0.00019177294083804776
PPFIBP1	0.0011506376450282866
POP5	0.0
BCS1L	0.0
SAT2	0.0
CAMK2D	0.0004794323520951194
PFN2	9.588647041902388e-05
C12ORF76	9.588647041902388e-05
GLIS3	0.0009588647041902388
MIS12	0.0
WASHC4	0.00028765941125707164
PPAN-P2RY11	0.0
ACCS	9.588647041902388e-05
POMT2	0.00019177294083804776
QTRT1	0.0003835458816760955
CTPS1	0.0006712052929331671
GALC	0.0
RPS7	0.0
TRMT61A	0.00019177294083804776
MACROD2	0.0020136158787995013
SCARF2	0.00019177294083804776
NPRL2	0.0
POLI	0.0
TSPOAP1	0.00019177294083804776
COMMD3	0.0
BIN1	0.00019177294083804776
ZNF444	9.588647041902388e-05
CCDC57	0.0014382970562853582
RNF215	0.00028765941125707164
PSMD5	0.00019177294083804776
SCMH1	0.0017259564675424297
PARVB	0.00019177294083804776
ANKRD49	0.0
CHCHD2	0.00019177294083804776
ABHD11	0.0
PABPC1L	0.0003835458816760955
EFEMP2	0.00019177294083804776
DNTTIP1	9.588647041902388e-05
TMEM165	0.0003835458816760955
WWC2	0.00028765941125707164
GSDME	0.00019177294083804776
BUD31	0.0
STK36	0.00019177294083804776
PARP8	0.0006712052929331671
MSANTD3	0.0
SLC7A6	0.0003835458816760955
LRP5L	9.588647041902388e-05
EVA1B	0.0
NFIB	0.0003835458816760955
TLE1	0.0
ATP5PD	0.0003835458816760955
DYNC2LI1	0.0
HGFAC	0.0
TRIM41	9.588647041902388e-05
B3GAT3	0.0
ZGLP1	9.588647041902388e-05
DDAH2	0.0003835458816760955
UCN	0.0
CHMP2A	0.00019177294083804776
MAP3K7	0.00019177294083804776
MPV17L	9.588647041902388e-05
GET1	0.0006712052929331671
MRGBP	0.0
HS2ST1	0.0005753188225141433
CCER2	9.588647041902388e-05
WDR45	9.588647041902388e-05
SPCS2	0.00028765941125707164
RILPL1	0.0003835458816760955
SPATS2L	0.0005753188225141433
MRPS21	0.00028765941125707164
SMN1	0.00019177294083804776
METTL17	0.0
NSMAF	0.0005753188225141433
NSUN5	9.588647041902388e-05
EIF1B	0.0
STOML1	0.0
MMAA	0.0
JMJD1C	0.0008629782337712149
B3GNT7	0.0
NELFCD	0.0
ZNF667	0.00019177294083804776
TWIST1	0.0
INTS3	9.588647041902388e-05
PAQR6	9.588647041902388e-05
TP53I13	9.588647041902388e-05
KIAA1549	9.588647041902388e-05
FARP1	0.0010547511746092626
USF1	0.00019177294083804776
LMO4	0.0
RAB11FIP2	0.0
DAGLB	0.0
ZDHHC17	0.0016300699971234058
REX1BD	9.588647041902388e-05
GSTT2B	0.0
PRMT1	0.0003835458816760955
CERS5	0.0005753188225141433
CBWD5	0.0
ZNF773	0.00019177294083804776
CARD19	0.0004794323520951194
ZNF224	9.588647041902388e-05
SPECC1	0.0006712052929331671
SLC25A18	0.00019177294083804776
STK11IP	9.588647041902388e-05
MTCH1	0.0
SNX5	0.00019177294083804776
ZNF581	0.0
CYTH3	0.0009588647041902388
KRBOX4	9.588647041902388e-05
WDR13	0.00028765941125707164
ZNF580	0.0
ZNF503	0.0
TBKBP1	0.0003835458816760955
DDX24	0.0
PTPN12	0.0006712052929331671
RSPRY1	0.00028765941125707164
CDC37L1	9.588647041902388e-05
ZFAND2B	9.588647041902388e-05
RABGGTB	9.588647041902388e-05
LTBR	0.00019177294083804776
IFI27L1	0.0
SLC4A2	9.588647041902388e-05
ARL16	0.00019177294083804776
HACD1	0.00019177294083804776
COL16A1	0.0003835458816760955
PIGH	9.588647041902388e-05
NUDC	0.0004794323520951194
COL18A1	0.00019177294083804776
DAPK1	0.0004794323520951194
MAGOH	0.0
WASF3	0.00019177294083804776
PIGX	0.0003835458816760955
FAM156A	0.00028765941125707164
EMILIN2	0.0
PRSS42P	0.0
SETMAR	0.00028765941125707164
ZDHHC14	0.0008629782337712149
SCPEP1	0.00019177294083804776
SATB1	0.00028765941125707164
MED31	9.588647041902388e-05
IL17RC	0.00019177294083804776
DMPK	9.588647041902388e-05
PTTG1IP	9.588647041902388e-05
SMS	0.00028765941125707164
MARCHF9	0.0008629782337712149
MED10	0.00019177294083804776
C1ORF122	0.0
PSMB4	9.588647041902388e-05
ST20	0.0
PLEKHF1	0.0005753188225141433
C8ORF76	9.588647041902388e-05
TCIRG1	0.00019177294083804776
MRPL20	0.00028765941125707164
GBGT1	0.0
RP9	0.0
PTAR1	0.00019177294083804776
ZMAT3	9.588647041902388e-05
ZC4H2	0.00019177294083804776
STARD3	0.002397161760475597
ARMC10	9.588647041902388e-05
FKBP10	0.00028765941125707164
SGPP1	0.0
HERC4	0.0003835458816760955
APTX	0.0004794323520951194
RARS1	0.00019177294083804776
RYK	0.0003835458816760955
SMARCA1	0.00028765941125707164
RPL14	0.0004794323520951194
S100A6	9.588647041902388e-05
SLC26A11	0.0006712052929331671
SEC61G	0.0009588647041902388
MED13L	0.0013424105858663342
DNAJC19	0.00019177294083804776
TMEM42	0.0
PPM1M	0.0
TRIO	0.0019177294083804776
COMMD10	0.0003835458816760955
BEGAIN	0.0
IRS2	0.00019177294083804776
REXO2	9.588647041902388e-05
ZNF419	0.0
ANXA5	9.588647041902388e-05
L3MBTL3	0.00019177294083804776
NME2	0.0003835458816760955
TLCD5	9.588647041902388e-05
ADAMTS3	0.0
AZI2	0.0
NANP	0.0
ZNF736	0.0
ARGLU1	9.588647041902388e-05
ANAPC4	9.588647041902388e-05
DHRS7	9.588647041902388e-05
ATAD3B	0.00028765941125707164
ANKS3	0.00019177294083804776
GSAP	0.0005753188225141433
CENATAC	0.0
CCNL2	0.0006712052929331671
HIKESHI	0.00019177294083804776
CAPN10	0.0
DYNC1H1	0.00028765941125707164
PHF11	0.00019177294083804776
CTTN	0.0020136158787995013
CDC16	0.0003835458816760955
SLC25A29	0.0
ZMYM6	9.588647041902388e-05
PLEKHH2	0.00019177294083804776
HARS1	0.00028765941125707164
DPH7	0.0003835458816760955
CCDC130	0.0003835458816760955
NAA10	9.588647041902388e-05
MTAP	0.0006712052929331671
RDX	9.588647041902388e-05
IRF3	0.00028765941125707164
RPAIN	0.0003835458816760955
ANKRD10	9.588647041902388e-05
MARK3	0.0021095023492185253
CLASRP	0.0008629782337712149
IFRD1	0.0
CCZ1B	9.588647041902388e-05
ZNF875	0.0005753188225141433
CSAD	0.00019177294083804776
RIC3	0.0
LRRK2	0.00019177294083804776
WSB1	0.0005753188225141433
TRMT1	0.00028765941125707164
VPS45	0.00019177294083804776
TPD52L2	9.588647041902388e-05
OFD1	9.588647041902388e-05
LUC7L	0.0011506376450282866
MAFK	9.588647041902388e-05
ACAD8	9.588647041902388e-05
ACOT9	9.588647041902388e-05
TMEM126B	9.588647041902388e-05
HEBP1	0.0005753188225141433
ZNF717	0.00028765941125707164
U2AF1L4	0.0
ATF7IP2	0.0004794323520951194
BBS4	0.0003835458816760955
TRMU	0.000767091763352191
DOCK5	9.588647041902388e-05
CAPRIN2	0.0004794323520951194
WDR73	0.0
CPSF4	9.588647041902388e-05
MYSM1	0.00028765941125707164
THYN1	0.0
GOLGA8B	0.00028765941125707164
DMAP1	0.0
SGSH	9.588647041902388e-05
SCML1	0.0
ALKBH6	0.0
WTIP	0.0003835458816760955
CLCN6	9.588647041902388e-05
RAB34	0.00019177294083804776
RRAGC	0.00019177294083804776
AGTRAP	9.588647041902388e-05
ILKAP	0.00019177294083804776
NUTF2	0.0004794323520951194
BIVM-ERCC5	0.0
DCUN1D5	0.00028765941125707164
PIGG	0.0003835458816760955
FADS3	0.00019177294083804776
PDCD5	0.00028765941125707164
RNASEH2B	0.0004794323520951194
PABPN1	0.0
SARNP	0.0016300699971234058
TBX19	9.588647041902388e-05
CARS2	9.588647041902388e-05
PICALM	0.000767091763352191
GEMIN8	0.0
PIDD1	0.0
LMF1	0.00028765941125707164
MOK	0.0005753188225141433
ZNF121	9.588647041902388e-05
TPM4	0.0006712052929331671
NAT14	0.0
BOD1	9.588647041902388e-05
WDR83OS	0.00019177294083804776
TMEM243	9.588647041902388e-05
BIRC2	9.588647041902388e-05
TFPT	0.0
DAAM1	0.0004794323520951194
C1ORF52	0.0
DPYD	0.0008629782337712149
RAPGEF3	9.588647041902388e-05
INPPL1	9.588647041902388e-05
TRAF1	0.0
SLC24A4	0.0
TJAP1	0.00028765941125707164
PSMG3	9.588647041902388e-05
KLF7	0.0003835458816760955
IFFO1	0.0
PLAGL1	0.00028765941125707164
FAAP20	0.00019177294083804776
P2RY11	9.588647041902388e-05
PCED1A	0.0
NEIL1	0.0
AADAT	9.588647041902388e-05
ZNF354B	9.588647041902388e-05
TUT1	0.00019177294083804776
SLC25A37	0.0
RNF217	0.0009588647041902388
BIVM	9.588647041902388e-05
UBL5	0.0
CLBA1	0.0
FAM221A	0.00019177294083804776
MALSU1	0.0
RIPK2	0.0003835458816760955
ZNF529	0.0004794323520951194
PARP6	0.0004794323520951194
UROD	0.0
ERVK3-1	0.0004794323520951194
TYW5	0.0
DTX3	0.0005753188225141433
P3H1	0.00019177294083804776
ADAT2	0.0
IFT20	0.00019177294083804776
RDH10	9.588647041902388e-05
CYB5B	0.00028765941125707164
ENGASE	9.588647041902388e-05
ZNF579	9.588647041902388e-05
GNB1L	0.0004794323520951194
DPM1	0.0008629782337712149
ZNF738	9.588647041902388e-05
NME7	0.0008629782337712149
FAM111A	9.588647041902388e-05
EID2	0.00019177294083804776
PSMA7	9.588647041902388e-05
GRAMD1A	0.0005753188225141433
ZNF577	9.588647041902388e-05
WDR6	9.588647041902388e-05
DUSP12	0.00019177294083804776
STARD13	0.00019177294083804776
MACF1	0.001534183526704382
RWDD1	0.00019177294083804776
ZNF880	0.00019177294083804776
ZFP28	0.00019177294083804776
NDOR1	0.0
SH3GLB2	0.00028765941125707164
SLC39A1	0.00019177294083804776
ZMAT5	0.0006712052929331671
OTUD6B	0.0
SHC2	0.000767091763352191
NPAS2	0.0004794323520951194
CD47	0.0003835458816760955
DCLK2	0.00028765941125707164
SEC61A2	0.00028765941125707164
FADS1	0.00019177294083804776
LAMTOR2	0.0
SAMD4B	0.000767091763352191
TMEM222	0.00028765941125707164
RAP2C	0.0
CSKMT	9.588647041902388e-05
CUTA	0.0
CIAO3	9.588647041902388e-05
KANTR	9.588647041902388e-05
THADA	0.0009588647041902388
ING4	9.588647041902388e-05
SUGT1	9.588647041902388e-05
RNF24	0.0004794323520951194
RER1	0.00028765941125707164
TMEM147	9.588647041902388e-05
CDK5RAP1	0.0006712052929331671
SCAP	0.0004794323520951194
CCT6A	9.588647041902388e-05
UBA6	0.0003835458816760955
RBM28	0.0003835458816760955
SP100	0.0
TFG	0.0003835458816760955
TRABD2B	0.000767091763352191
PPIE	9.588647041902388e-05
SMIM20	0.00019177294083804776
DENND3	0.00028765941125707164
TRNT1	0.0
SETD4	0.00028765941125707164
THAP3	0.0
RASSF4	0.0
MINDY4	0.00019177294083804776
LGALS8	0.00019177294083804776
COPS9	9.588647041902388e-05
SLC36A4	0.00019177294083804776
MSANTD4	0.0
AGPAT4	9.588647041902388e-05
STK3	0.0011506376450282866
ZYX	9.588647041902388e-05
CNIH4	0.00028765941125707164
CD58	9.588647041902388e-05
RFNG	0.0
FIGN	0.00019177294083804776
DUSP22	0.0003835458816760955
WHRN	0.00028765941125707164
CRLS1	0.0003835458816760955
TRIP6	0.0
PRPF31	0.00028765941125707164
GNPTG	0.00028765941125707164
RBPJ	0.0004794323520951194
MORN4	9.588647041902388e-05
TSFM	0.0024930482308946206
YAP1	0.0021095023492185253
TMEM234	0.00028765941125707164
IFT43	9.588647041902388e-05
MCUB	0.00019177294083804776
APBB3	0.0
SLC43A3	0.0
NSMF	9.588647041902388e-05
ROMO1	0.00019177294083804776
DCUN1D3	0.00019177294083804776
POLR2H	9.588647041902388e-05
ARHGEF3	0.0011506376450282866
ACAA1	9.588647041902388e-05
MRPS17	0.0
CCDC149	0.0003835458816760955
CPNE1	0.0005753188225141433
TIMM44	0.00028765941125707164
SDF2	0.0005753188225141433
ATP10D	0.00028765941125707164
CCNL1	0.0
ITPA	0.0003835458816760955
SMARCD3	0.0
AAK1	0.0005753188225141433
CFAP298	0.00028765941125707164
ARPC1B	0.00019177294083804776
HAUS7	0.0
DCBLD1	0.0006712052929331671
ZNF460	0.0003835458816760955
CMSS1	0.0012465241154473103
FAM3C	0.00019177294083804776
SNRPA1	0.00019177294083804776
PPOX	9.588647041902388e-05
SNRPN	9.588647041902388e-05
LIN37	0.0
RPSA	0.0
CC2D1A	0.0009588647041902388
NOM1	0.00019177294083804776
SESTD1	0.0004794323520951194
POLE4	0.0
GRB14	9.588647041902388e-05
SCO1	0.0
HSPA12A	0.00019177294083804776
SLC9A5	0.0003835458816760955
TRMT112	0.00019177294083804776
THOC5	0.000767091763352191
CCDC50	0.0003835458816760955
SATB2	9.588647041902388e-05
FIS1	9.588647041902388e-05
SHFL	0.00019177294083804776
INTS10	0.00019177294083804776
ZZZ3	0.00019177294083804776
CCDC122	0.00028765941125707164
TTC38	0.0006712052929331671
WNT2B	0.0
RHOQ	0.00019177294083804776
LPXN	9.588647041902388e-05
PLIN2	0.0004794323520951194
CETN2	0.0
CENPV	9.588647041902388e-05
TMEM267	0.00019177294083804776
WFIKKN2	9.588647041902388e-05
SIPA1	0.00019177294083804776
ZNF32	0.0
DMRTC1	0.0
AP5Z1	9.588647041902388e-05
PACS2	0.00028765941125707164
CDK20	0.0
ZNF326	0.00019177294083804776
DHPS	0.00028765941125707164
PCID2	0.0004794323520951194
MTERF4	0.00019177294083804776
MRPS6	0.0003835458816760955
HSF4	0.0
AAAS	0.00019177294083804776
ALG5	0.00028765941125707164
LDHB	0.00028765941125707164
SLC22A3	0.00028765941125707164
IFT140	0.000767091763352191
UBE2E1	0.00028765941125707164
OAZ1	0.000767091763352191
ARFRP1	0.0
MFSD14C	9.588647041902388e-05
ETFBKMT	9.588647041902388e-05
CLEC11A	0.00019177294083804776
MLH3	0.0
SDHAF1	9.588647041902388e-05
RBM42	0.00028765941125707164
CD46	0.00028765941125707164
SLC25A26	0.0003835458816760955
FRA10AC1	0.00019177294083804776
PCBP4	0.00019177294083804776
QPCT	0.00019177294083804776
PON2	9.588647041902388e-05
CHML	0.00019177294083804776
NUDT17	0.0
ZFAND2A	0.00019177294083804776
ELP3	0.0003835458816760955
RPS17	9.588647041902388e-05
DAPK3	9.588647041902388e-05
RAP1B	0.0009588647041902388
ZNF76	0.00028765941125707164
KIN	9.588647041902388e-05
CTSL	0.0
TYW3	9.588647041902388e-05
ADGRL2	9.588647041902388e-05
MFSD12	0.00019177294083804776
PILRB	0.00019177294083804776
SUMF2	9.588647041902388e-05
NFAT5	0.0014382970562853582
DCUN1D2	9.588647041902388e-05
TNFRSF10B	0.0
ZNF446	0.0
GGT7	0.00028765941125707164
TAF10	0.0
PTRH1	0.00019177294083804776
TANC2	0.0028765941125707163
SRPRB	0.0
PTPN3	0.00019177294083804776
GRWD1	0.0
CS	0.000767091763352191
GPI	0.000767091763352191
FARSB	9.588647041902388e-05
TTC37	0.00019177294083804776
CUL5	0.00028765941125707164
ACTR5	0.0005753188225141433
ISY1-RAB43	0.0
SPCS3	0.00028765941125707164
MCOLN1	0.00019177294083804776
SUCLG2	0.00019177294083804776
CYHR1	0.00019177294083804776
CEP131	0.0
NAGA	9.588647041902388e-05
CCNG1	9.588647041902388e-05
SF3A3	0.0005753188225141433
PES1	0.00028765941125707164
EXOC5	0.00028765941125707164
PRPF38A	9.588647041902388e-05
ASL	9.588647041902388e-05
IFIH1	9.588647041902388e-05
P4HA2	9.588647041902388e-05
RAE1	0.0003835458816760955
DHCR24	0.0006712052929331671
FUCA2	9.588647041902388e-05
ARL8B	0.00028765941125707164
CCDC22	9.588647041902388e-05
TMEM87A	9.588647041902388e-05
APOLD1	0.0004794323520951194
ETFDH	0.0
GMPS	0.00019177294083804776
XRCC1	0.00019177294083804776
USP47	0.00019177294083804776
MBD1	0.0
WDR12	9.588647041902388e-05
UBQLN4	0.0003835458816760955
MTRF1L	9.588647041902388e-05
INPP5K	9.588647041902388e-05
MCMBP	9.588647041902388e-05
RNF220	9.588647041902388e-05
NCAPG	0.0
TCTN3	9.588647041902388e-05
MRPS14	0.0
UCHL5	0.00028765941125707164
IARS2	0.0
MAIP1	9.588647041902388e-05
SENP3-EIF4A1	0.0
POLDIP2	0.00019177294083804776
PPP6R2	0.0008629782337712149
GPBP1	0.000767091763352191
HNRNPR	0.00028765941125707164
TFIP11	0.00028765941125707164
WDR24	0.0
LARS1	9.588647041902388e-05
NUFIP1	9.588647041902388e-05
NCAPD2	0.00028765941125707164
FLII	0.0
RUSC2	0.0003835458816760955
ZDHHC11	9.588647041902388e-05
SEPHS1	0.00019177294083804776
JUP	0.0014382970562853582
IK	0.0
CHERP	0.0004794323520951194
HSPG2	0.0005753188225141433
GABPA	9.588647041902388e-05
C11ORF80	0.0018218429379614537
TNS2	9.588647041902388e-05
SYS1	0.00028765941125707164
DIAPH1	0.0003835458816760955
TMX4	0.00019177294083804776
PACS1	0.0019177294083804776
DHX38	9.588647041902388e-05
MRPL21	0.0010547511746092626
PJA2	0.00019177294083804776
SLX1A-SULT1A3	0.0
MGAT4A	0.00019177294083804776
PAICS	0.00019177294083804776
RRAS	9.588647041902388e-05
MRPL16	0.0
NAGPA	0.0
TNFSF12	0.0
VPS35	0.00028765941125707164
LRRC45	9.588647041902388e-05
NUP188	0.0005753188225141433
EFTUD2	0.0004794323520951194
LAMA5	0.0006712052929331671
P2RX4	0.00019177294083804776
BZW2	0.0005753188225141433
ASF1B	0.0004794323520951194
MTHFD1L	0.0006712052929331671
LAMP2	0.00019177294083804776
SMYD5	9.588647041902388e-05
KAT5	0.0
TMEM63A	0.00028765941125707164
PLBD2	9.588647041902388e-05
ATP5PF	9.588647041902388e-05
ARHGAP4	9.588647041902388e-05
RPL17-C18ORF32	0.0
FAM8A1	0.0
MBD4	0.00019177294083804776
CAST	0.0003835458816760955
PARN	0.0004794323520951194
TTC5	0.0
VARS1	0.00019177294083804776
MYBBP1A	0.00019177294083804776
TFB1M	9.588647041902388e-05
DNAAF10	0.00019177294083804776
NCAPG2	0.0004794323520951194
RTCA	0.0
GMDS	0.0010547511746092626
SLC38A10	0.0010547511746092626
SPTBN1	0.0004794323520951194
SMG9	0.0003835458816760955
PPP2R5E	0.0006712052929331671
HIP1R	0.00019177294083804776
DHX37	0.00019177294083804776
WWP2	0.0012465241154473103
PIP5K1A	0.0006712052929331671
COPA	0.0006712052929331671
SBNO2	0.0013424105858663342
HMGXB3	0.0003835458816760955
DCAF6	0.001534183526704382
POP4	0.00028765941125707164
SLC20A1	0.00019177294083804776
SNURF	0.0
SPIN1	0.00019177294083804776
HOOK2	0.0009588647041902388
SLC27A4	0.00019177294083804776
SPTLC1	0.00019177294083804776
DNM1L	0.0009588647041902388
UHRF1	0.0004794323520951194
OPA1	0.0003835458816760955
POLR3C	0.0
PRRC2C	0.0011506376450282866
FAM91A1	0.00019177294083804776
ALDH18A1	9.588647041902388e-05
LRP5	0.0024930482308946206
TRUB2	0.00019177294083804776
RAD23B	0.0003835458816760955
HYOU1	0.0003835458816760955
CPSF1	0.0005753188225141433
TBRG4	0.0
IGF2R	0.0003835458816760955
KANSL3	0.0003835458816760955
TRIP4	0.00028765941125707164
WIPI2	0.00019177294083804776
CUL4A	0.0008629782337712149
HDAC3	0.0
KIF23	9.588647041902388e-05
NDUFS2	0.0003835458816760955
NOP58	0.00028765941125707164
USP32	0.0026848211717326684
CBX1	0.0006712052929331671
PTGR1	0.0003835458816760955
VPS52	0.00019177294083804776
HDGFL2	0.0
GGA1	0.00028765941125707164
ANKRD54	9.588647041902388e-05
PFKM	0.0
MCRS1	0.00028765941125707164
SEPTIN9	0.0020136158787995013
HMGCL	9.588647041902388e-05
JAG1	0.00019177294083804776
MYCBP	0.0
TYRO3	0.0
KATNBL1	9.588647041902388e-05
MOB4	0.00019177294083804776
PPT1	0.00019177294083804776
ZFAND6	0.00019177294083804776
CENPA	9.588647041902388e-05
TIMM23	0.00028765941125707164
ADCY7	9.588647041902388e-05
NUTM2A-AS1	0.0
TPX2	0.0019177294083804776
HPS3	0.0003835458816760955
MAN1B1	0.0
BCLAF1	0.0
IPO13	9.588647041902388e-05
ZCRB1	0.0003835458816760955
TBCD	0.0014382970562853582
TOMM34	9.588647041902388e-05
NUP205	0.0004794323520951194
SEC31A	0.000767091763352191
SIPA1L1	0.00019177294083804776
TNPO3	0.00028765941125707164
PSMA3	9.588647041902388e-05
PRKCI	0.000767091763352191
FLNB	0.0008629782337712149
C1GALT1C1	0.0
NIPSNAP1	0.0004794323520951194
TNRC18	0.0018218429379614537
TFDP2	0.0005753188225141433
DKC1	9.588647041902388e-05
EIF2B5	9.588647041902388e-05
TADA2A	0.0009588647041902388
CREB3	9.588647041902388e-05
CSNK2A2	0.0
PHF21A	0.0014382970562853582
ABHD16A	0.00028765941125707164
VPS25	0.0
SF3B3	0.0004794323520951194
GNS	0.0006712052929331671
SAFB	0.0003835458816760955
ALKBH3	0.0003835458816760955
PARD3	0.0016300699971234058
GLUD1	0.00019177294083804776
RABEPK	0.00019177294083804776
MGRN1	0.0009588647041902388
TRIP12	0.0017259564675424297
DDX49	0.00019177294083804776
LENG8	0.00019177294083804776
MRPL4	0.00028765941125707164
ARHGEF7	0.0006712052929331671
CKAP5	0.0005753188225141433
DLG5	0.0003835458816760955
RIOK1	0.0004794323520951194
CTPS2	0.0004794323520951194
RABGGTA	9.588647041902388e-05
TOP2A	0.0005753188225141433
PSMD13	0.0004794323520951194
RNF40	0.00028765941125707164
PRKDC	0.0014382970562853582
PROSER1	9.588647041902388e-05
PAK1	0.002301275290056573
NECAB3	0.00019177294083804776
EPB41L1	0.0019177294083804776
HMBS	0.00019177294083804776
SSBP3	0.0008629782337712149
ESYT1	0.00028765941125707164
PSMB10	9.588647041902388e-05
TYK2	0.0008629782337712149
SLC39A6	0.0004794323520951194
MTA3	0.00028765941125707164
ATRN	0.0003835458816760955
CCDC86	9.588647041902388e-05
CDC27	0.0011506376450282866
THOC6	0.0
ACY1	0.00019177294083804776
MORC2	0.00019177294083804776
ARHGAP1	0.0003835458816760955
RPL30	9.588647041902388e-05
PIP4P1	0.0
SLC30A5	0.00028765941125707164
DCAF7	0.0008629782337712149
BCAM	0.0006712052929331671
ARHGAP18	0.0003835458816760955
TRAP1	9.588647041902388e-05
CCNK	0.0004794323520951194
FBXO42	0.000767091763352191
SNRNP200	9.588647041902388e-05
TIAL1	0.00019177294083804776
EIF2AK4	0.000767091763352191
EIF4G3	0.001534183526704382
PARP1	0.00028765941125707164
PYURF	0.0
SBF1	0.0004794323520951194
HAUS6	0.0004794323520951194
GGA2	0.00028765941125707164
TMEM43	9.588647041902388e-05
SPOUT1	0.0
RHOT1	0.0014382970562853582
FAM133B	9.588647041902388e-05
DNAJA3	9.588647041902388e-05
NOC4L	0.0005753188225141433
PTDSS1	0.00028765941125707164
DELE1	9.588647041902388e-05
SAP30BP	0.0011506376450282866
GGH	9.588647041902388e-05
PRMT5	0.0
PAK2	0.0010547511746092626
ARL8A	9.588647041902388e-05
ELP4	0.0003835458816760955
NSMCE4A	0.00019177294083804776
STRADB	0.00019177294083804776
GLE1	0.00028765941125707164
E4F1	9.588647041902388e-05
AP2B1	0.000767091763352191
CDR2	9.588647041902388e-05
TNIP1	0.00019177294083804776
COPG1	0.00019177294083804776
RPP30	0.00019177294083804776
PSME3	0.00028765941125707164
CDCA3	9.588647041902388e-05
DDR1	0.0004794323520951194
WDR3	9.588647041902388e-05
MRPL49	0.00019177294083804776
ADSS2	0.0005753188225141433
FAF2	0.00028765941125707164
CPSF3	9.588647041902388e-05
DAP	0.000767091763352191
TTLL12	0.00019177294083804776
VRK1	0.0004794323520951194
SPNS1	0.00019177294083804776
CDC45	9.588647041902388e-05
DNMT1	0.0009588647041902388
WDR5	0.00019177294083804776
PICK1	0.0005753188225141433
REPS1	0.00028765941125707164
NAT10	0.00028765941125707164
ELAC2	0.00019177294083804776
HDAC7	0.0005753188225141433
EIF1AD	9.588647041902388e-05
DHX30	0.0008629782337712149
RRN3P2	9.588647041902388e-05
SUDS3	0.00019177294083804776
GRIPAP1	9.588647041902388e-05
PPP3CC	0.0009588647041902388
ATG2A	0.0004794323520951194
PTPMT1	0.0
RNF115	0.0005753188225141433
ETS2	9.588647041902388e-05
RRP12	0.00019177294083804776
CAMK2N1	0.0
ZFR	0.0004794323520951194
SINHCAF	0.0006712052929331671
PHKA1	0.00028765941125707164
SMU1	0.0003835458816760955
UBTF	0.0010547511746092626
TARS1	0.00019177294083804776
ACP5	0.0
XAB2	9.588647041902388e-05
SAR1B	0.0
CUL1	0.0003835458816760955
ALDH7A1	9.588647041902388e-05
DGKZ	9.588647041902388e-05
AATF	0.0012465241154473103
RMND1	0.0005753188225141433
NSUN6	0.00028765941125707164
SNRNP25	0.00019177294083804776
THOC3	0.0
FUZ	9.588647041902388e-05
NCSTN	0.0003835458816760955
RRM1	0.0003835458816760955
INF2	9.588647041902388e-05
AGK	0.00028765941125707164
FAM193B	0.0003835458816760955
TRPM4	0.00019177294083804776
LRRCC1	0.0005753188225141433
ERLEC1	0.0003835458816760955
PRPS1	0.00019177294083804776
NFS1	0.00019177294083804776
NADSYN1	0.0017259564675424297
RPL7L1	0.00028765941125707164
NUP93	0.000767091763352191
MLLT1	0.000767091763352191
TMEM214	0.0
CIAPIN1	0.0
AHCTF1	0.0003835458816760955
PPID	9.588647041902388e-05
SPATA20	9.588647041902388e-05
VPS72	0.0004794323520951194
EIF2AK2	0.0004794323520951194
CRIP2	9.588647041902388e-05
ERGIC2	0.00019177294083804776
DTL	0.00019177294083804776
PTTG1	9.588647041902388e-05
MVD	0.0
PRPF6	0.0004794323520951194
LACTB2	0.00019177294083804776
CENPC	9.588647041902388e-05
PCCB	0.000767091763352191
EXOSC10	0.0005753188225141433
MTX1	0.0
ANKIB1	0.0008629782337712149
SMG5	0.0004794323520951194
ARHGEF9	0.00028765941125707164
MAD2L2	0.00019177294083804776
PRDX4	9.588647041902388e-05
SHARPIN	0.0
SIL1	0.0006712052929331671
NUP88	9.588647041902388e-05
VDAC2	0.00028765941125707164
SYAP1	0.00028765941125707164
NEPRO	0.0
COL3A1	0.0006712052929331671
BUD13	0.0
CCDC174	9.588647041902388e-05
JOSD2	0.0
KDM6B	0.00019177294083804776
PTGES3L-AARSD1	0.0
CTNNBL1	0.000767091763352191
UNC45A	0.0003835458816760955
ARMC1	0.0004794323520951194
DCAF12	0.00019177294083804776
LAMB2	0.0
ILF3	0.001534183526704382
SNX2	0.00028765941125707164
SUGP1	0.0004794323520951194
PRRC2A	0.0003835458816760955
PXDN	0.00019177294083804776
ABCF1	0.00019177294083804776
IRAK1	0.00028765941125707164
KHSRP	0.00028765941125707164
PARVA	0.0006712052929331671
RCC1	0.000767091763352191
LMAN2	0.0006712052929331671
OGDH	0.00028765941125707164
PBX2	9.588647041902388e-05
EHMT2	0.00019177294083804776
MICAL1	0.00019177294083804776
EPRS1	0.0003835458816760955
UTP18	0.0004794323520951194
EIF2AK1	0.0006712052929331671
HDAC1	0.0010547511746092626
MAPK9	0.00028765941125707164
STAT1	0.00028765941125707164
DNAJB12	0.0005753188225141433
NFYC	0.0013424105858663342
ATP6V0A1	0.0008629782337712149
SUPT5H	0.0011506376450282866
SURF4	0.0
FAM207A	0.00019177294083804776
RALBP1	0.00019177294083804776
ACLY	0.0009588647041902388
GK	0.0
SNRPF	9.588647041902388e-05
DNAAF5	0.0004794323520951194
ACP2	9.588647041902388e-05
ARHGAP12	0.00028765941125707164
PWP1	9.588647041902388e-05
MRPL30	0.00028765941125707164
SKIV2L	9.588647041902388e-05
ZER1	0.00019177294083804776
F10	0.00019177294083804776
POLDIP3	0.00028765941125707164
MFSD6	0.0006712052929331671
FBXO48	0.0
NFIC	0.0009588647041902388
LCMT2	0.0
MYO1C	0.0003835458816760955
ZNF174	9.588647041902388e-05
LEO1	9.588647041902388e-05
DMC1	0.0003835458816760955
ARHGAP35	0.0013424105858663342
APOBEC3F	0.0
PATJ	0.0013424105858663342
UTP14C	0.0
CTDSPL	0.0006712052929331671
UPB1	0.00019177294083804776
CAMK1D	0.0012465241154473103
UBP1	0.0004794323520951194
TOGARAM1	0.0003835458816760955
PRDM10	9.588647041902388e-05
ANK3	0.001534183526704382
RAB35	0.00028765941125707164
ARMC7	0.0005753188225141433
DOLK	0.0
OPTN	0.00019177294083804776
HIRA	0.000767091763352191
TRIM26	0.00019177294083804776
MCM5	0.0005753188225141433
FOXD2	0.0
USP10	0.000767091763352191
UNC13B	0.000767091763352191
ETV3	0.0004794323520951194
SLC26A5	0.0003835458816760955
HNRNPUL1	0.0011506376450282866
SLF1	0.0
ARFGAP2	0.0003835458816760955
HSD17B14	0.0004794323520951194
SUSD2	9.588647041902388e-05
ZNF670	9.588647041902388e-05
ADAM22	0.0003835458816760955
HNRNPM	0.0010547511746092626
METTL7A	0.00028765941125707164
EPC2	0.00019177294083804776
ZNF718	0.00019177294083804776
RMI1	0.00019177294083804776
CPXM2	0.0
KDM3B	0.00019177294083804776
PTCD2	9.588647041902388e-05
ZNF430	0.0004794323520951194
NCOA5	0.0003835458816760955
WASHC2C	9.588647041902388e-05
SFXN1	0.0004794323520951194
COCH	0.0
TRIM55	0.00019177294083804776
FAM234B	0.00019177294083804776
TMEM192	9.588647041902388e-05
ANKRD50	9.588647041902388e-05
INTS6L	0.0
ZNF774	9.588647041902388e-05
KDM2B	0.0014382970562853582
LXN	9.588647041902388e-05
ZNF28	0.0
SFXN2	0.0003835458816760955
SART3	0.0004794323520951194
CALN1	0.00019177294083804776
USP27X	0.0
ZBTB39	0.0
SIDT2	0.00019177294083804776
SNX1	0.00028765941125707164
BAHD1	9.588647041902388e-05
CHMP3	0.0003835458816760955
FBXO7	0.00028765941125707164
CERKL	9.588647041902388e-05
MVB12B	0.0004794323520951194
OAS3	0.00019177294083804776
PYDC1	0.0
EXOC3L2	0.00028765941125707164
SMAP2	0.0004794323520951194
CEP250	0.0003835458816760955
ARMT1	0.00019177294083804776
APBA1	0.00028765941125707164
DDX23	0.0006712052929331671
RNF103	9.588647041902388e-05
DMGDH	0.00028765941125707164
PLK5	0.0
UPF1	0.00028765941125707164
POLH	0.0004794323520951194
ERC1	0.002205388819637549
TEX261	0.00019177294083804776
PUM2	0.0008629782337712149
MIF4GD	9.588647041902388e-05
SMG8	0.00019177294083804776
MASP2	0.00019177294083804776
LDB1	0.00019177294083804776
RAPGEF1	0.0008629782337712149
MAML3	0.0013424105858663342
MEF2D	0.0009588647041902388
ZNF592	0.00019177294083804776
ZNF674	9.588647041902388e-05
RBM23	0.00019177294083804776
ASTE1	0.0
MFSD11	0.0004794323520951194
CACNG6	0.00019177294083804776
ZC3H18	0.0003835458816760955
RMND5A	9.588647041902388e-05
ZXDC	9.588647041902388e-05
TSPAN9	0.000767091763352191
NFATC3	0.0004794323520951194
TMEM131	0.000767091763352191
MLYCD	0.00019177294083804776
RRAGA	0.0
IRF2	0.0004794323520951194
SRCAP	0.0004794323520951194
DAB2IP	0.0005753188225141433
TMCC1	0.0005753188225141433
SEPTIN1	0.00019177294083804776
EML5	9.588647041902388e-05
GSE1	0.0011506376450282866
TCP11L1	0.00019177294083804776
SLC25A21	0.0009588647041902388
PARP16	0.0003835458816760955
TAF5L	0.0
ACADSB	0.0
PANK1	0.00028765941125707164
FLYWCH2	0.00028765941125707164
ASB8	9.588647041902388e-05
EXO5	0.00019177294083804776
ZBTB24	0.00028765941125707164
ASB18	9.588647041902388e-05
ZNF669	9.588647041902388e-05
OPA3	0.0006712052929331671
ANKRD13A	9.588647041902388e-05
SPECC1L	0.0018218429379614537
ZNF619	0.0
PIGS	0.0003835458816760955
VPS33A	0.00028765941125707164
GLYR1	0.0004794323520951194
RNF125	0.0
MCM9	0.0003835458816760955
CNNM4	0.00019177294083804776
TMCC3	0.00019177294083804776
INKA2	0.00019177294083804776
ACER2	0.00028765941125707164
CRY2	9.588647041902388e-05
FRG1	0.0
MSH3	9.588647041902388e-05
GDNF	0.0
HYAL1	0.0
MAZ	0.0
ARPP19	0.00019177294083804776
POP1	0.00028765941125707164
SLC23A1	0.0
ELMO1	0.0006712052929331671
MFAP1	0.00019177294083804776
TBC1D14	0.000767091763352191
MDGA1	0.0003835458816760955
TLL1	9.588647041902388e-05
MX1	0.00028765941125707164
PRMT9	9.588647041902388e-05
ABT1	9.588647041902388e-05
DIXDC1	0.0003835458816760955
HIVEP2	0.0006712052929331671
CCDC142	9.588647041902388e-05
GSK3B	0.0014382970562853582
CTSO	0.0
GGCX	0.00028765941125707164
NPTN	0.0003835458816760955
RPS6KA5	0.0003835458816760955
GRHPR	0.00028765941125707164
FAM214A	0.00028765941125707164
GDF5-AS1	0.0
ZNF747	0.0
FAM43A	0.0
HACD2	9.588647041902388e-05
GNA13	0.0010547511746092626
APOBEC3D	0.0
ZNF611	0.0
FOXRED2	0.00019177294083804776
KIR3DL2	9.588647041902388e-05
SFXN5	0.0005753188225141433
FOXJ2	9.588647041902388e-05
CIPC	0.00028765941125707164
ANGPTL2	0.0
ZNF79	0.0003835458816760955
AMBRA1	0.0010547511746092626
SIGLEC8	0.0
AASDH	0.00019177294083804776
ZFYVE9	0.0003835458816760955
KCNN1	0.00028765941125707164
TM4SF18	9.588647041902388e-05
USH1C	9.588647041902388e-05
ZNF200	0.00019177294083804776
TNKS2	0.00028765941125707164
CCM2L	0.00019177294083804776
NBAS	0.00028765941125707164
GABRB3	0.00019177294083804776
TDP2	0.00019177294083804776
ZNF616	0.00019177294083804776
TIGD2	0.0
GSN	0.0
MBP	0.0003835458816760955
HIF1AN	9.588647041902388e-05
KMT5B	0.0014382970562853582
MID2	0.00019177294083804776
TXNDC11	0.0006712052929331671
DCAF11	9.588647041902388e-05
OLFML1	0.0
DENND11	0.0
UBE3A	0.0003835458816760955
DDB1	0.0003835458816760955
PRAG1	0.0
KIAA1671	0.0011506376450282866
NSUN3	0.00019177294083804776
ARSL	0.0
ZNF14	0.00019177294083804776
VANGL1	0.0005753188225141433
ASPA	0.00019177294083804776
LEPR	0.00028765941125707164
SEMA3D	0.0003835458816760955
PABIR3	0.0
TCEANC	0.0
DUSP16	0.0004794323520951194
TCF12	0.0013424105858663342
ZNF786	0.00028765941125707164
PHAX	9.588647041902388e-05
CDON	0.00028765941125707164
MFSD9	0.0
GNAO1	0.0003835458816760955
TAF4	0.0009588647041902388
ST8SIA6	0.00028765941125707164
SIK2	0.0004794323520951194
ARAP1	0.0009588647041902388
EZHIP	0.0
TSPAN18	0.0006712052929331671
FAM174B	0.00019177294083804776
TULP1	9.588647041902388e-05
QSER1	0.0004794323520951194
PCBD2	0.00019177294083804776
ZNF407	0.00028765941125707164
PIAS1	0.0005753188225141433
ZNF556	9.588647041902388e-05
PHACTR1	0.00028765941125707164
VWC2	0.0004794323520951194
PCNT	0.0006712052929331671
SPATS2	0.000767091763352191
ZNF33B	0.00019177294083804776
HSFX1	0.0
CAMKK2	0.0010547511746092626
PRKCH	0.0003835458816760955
VWA7	0.0
WDR7	0.00019177294083804776
DIS3L	9.588647041902388e-05
NSF	0.0006712052929331671
PLEKHA5	0.0013424105858663342
SEC16A	0.0006712052929331671
EHHADH	0.0003835458816760955
IGSF8	0.0005753188225141433
DIAPH2	0.0006712052929331671
OSBPL11	0.00028765941125707164
SLC7A14	0.00019177294083804776
INPP5A	0.0009588647041902388
KBTBD4	9.588647041902388e-05
KHK	0.0
BRPF3	9.588647041902388e-05
SAMD14	9.588647041902388e-05
ZNF624	9.588647041902388e-05
ELK1	9.588647041902388e-05
HMCES	0.00019177294083804776
CALCOCO2	0.0006712052929331671
TRAK1	0.0004794323520951194
TRAPPC10	0.0008629782337712149
ALG12	0.0003835458816760955
EEF1AKNMT	0.00019177294083804776
EIF3A	0.00019177294083804776
AKAP5	0.0
ALDH1A1	0.00028765941125707164
KBTBD7	0.0
AFTPH	0.00028765941125707164
ATXN7L1	0.0003835458816760955
MBTPS1	0.00028765941125707164
CTR9	0.00019177294083804776
LDLRAP1	9.588647041902388e-05
PPP1R10	0.00028765941125707164
ZHX2	0.0005753188225141433
MGAT5	9.588647041902388e-05
DCTN1	0.00019177294083804776
PANK4	9.588647041902388e-05
ATP2A2	0.0005753188225141433
SEMA4G	0.0
COL19A1	0.0
CCSER1	0.000767091763352191
ZFP69	0.0
TCF25	0.000767091763352191
FCHSD2	0.0028765941125707163
CALCRL	9.588647041902388e-05
PNCK	9.588647041902388e-05
PRR14L	0.0003835458816760955
STK10	0.000767091763352191
CALB1	0.00019177294083804776
SAMM50	0.0003835458816760955
ADIPOR2	0.0009588647041902388
KIAA1841	0.00028765941125707164
FUCA1	0.00019177294083804776
GIT2	0.0005753188225141433
TMED4	0.0
TMEM170A	0.0003835458816760955
POPDC2	0.00019177294083804776
ZSWIM5	0.0003835458816760955
ZNF253	0.0003835458816760955
KIF21A	0.0010547511746092626
KHDC1	0.0004794323520951194
HTATSF1	9.588647041902388e-05
DDX54	0.00028765941125707164
CHRM5	0.0
PDCL	9.588647041902388e-05
ZBTB3	0.0
KCNJ12	9.588647041902388e-05
PTPN4	0.0004794323520951194
ZNF816	0.0
DGKD	0.0004794323520951194
CHD1	0.0005753188225141433
ATP1B2	9.588647041902388e-05
ACAD10	0.00019177294083804776
GATAD2A	0.0014382970562853582
CPOX	9.588647041902388e-05
EFS	0.0
NUGGC	0.00019177294083804776
PAXIP1	9.588647041902388e-05
TEX2	0.0018218429379614537
GRK7	0.00028765941125707164
ZNF112	0.0
SSRP1	0.00019177294083804776
CASTOR2	0.00019177294083804776
MIEF2	0.0
EXOC6	0.00028765941125707164
POLR2A	0.0004794323520951194
EPB41	0.0008629782337712149
MIXL1	0.0
GMEB1	9.588647041902388e-05
RP1L1	0.0
GABPB2	0.0004794323520951194
WWP1	0.0008629782337712149
LARGE1	0.0011506376450282866
PPIP5K1	0.00028765941125707164
PCSK6	0.00028765941125707164
ZP2	9.588647041902388e-05
AKAP9	0.0006712052929331671
WAC	0.0004794323520951194
STIM1	0.0010547511746092626
BICRAL	0.0005753188225141433
DNAJC14	9.588647041902388e-05
TANGO6	0.0011506376450282866
LIMA1	0.0008629782337712149
RABGAP1L	0.000767091763352191
NUP62	0.000767091763352191
DDX60	0.00019177294083804776
RNASE1	9.588647041902388e-05
RAPGEF6	0.00028765941125707164
GCC1	0.0
SLC24A1	9.588647041902388e-05
MYO18A	0.0020136158787995013
CHRNA7	9.588647041902388e-05
TRIM62	0.0
DTWD2	0.0003835458816760955
PKNOX1	0.0004794323520951194
FARP2	0.00028765941125707164
DGCR2	0.0011506376450282866
SLC17A5	9.588647041902388e-05
IPP	9.588647041902388e-05
C2ORF68	0.0
NMT2	0.00019177294083804776
KCNJ11	0.0
ZNF70	0.0
PPP1R9B	9.588647041902388e-05
RAB40B	0.0006712052929331671
HNRNPUL2-BSCL2	0.0
ZNF230	0.0
PHF2	0.00028765941125707164
TMEM88B	0.0
VPS51	0.00028765941125707164
MSL2	0.0003835458816760955
ADORA2A	0.0
SPIB	0.0
ANKS4B	9.588647041902388e-05
ZNF443	9.588647041902388e-05
DISP2	9.588647041902388e-05
HIVEP1	0.00028765941125707164
WDR31	0.0
PRKN	0.000767091763352191
TBC1D10A	0.0004794323520951194
MED1	0.0019177294083804776
GIMAP7	0.0
YY1AP1	0.00019177294083804776
SUN2	9.588647041902388e-05
SLC12A3	0.0
LYRM7	0.00019177294083804776
WAPL	0.00019177294083804776
EPC1	0.0004794323520951194
SSTR2	0.0
PRDM14	0.0
SMARCA2	0.0005753188225141433
AP1B1	0.0004794323520951194
SCRN3	0.00019177294083804776
GFOD2	0.0003835458816760955
SLC5A5	9.588647041902388e-05
NTF3	9.588647041902388e-05
SEL1L	0.0004794323520951194
KLHL25	0.0
QRICH1	0.0005753188225141433
TMEM132B	0.00028765941125707164
KRBA2	9.588647041902388e-05
TMTC3	0.0006712052929331671
KIFBP	9.588647041902388e-05
UGGT1	0.00019177294083804776
VPS4B	9.588647041902388e-05
ZRANB1	0.00028765941125707164
NUDT7	0.00028765941125707164
PCYT1A	0.0005753188225141433
GIMAP8	9.588647041902388e-05
FBLN7	9.588647041902388e-05
NUPR1	0.0
USP51	0.0
PREP	0.0014382970562853582
RITA1	9.588647041902388e-05
SLC35A3	0.00019177294083804776
KDM8	0.0
RGS9	0.0008629782337712149
MAP2K5	0.0011506376450282866
OTUD1	0.0
GLCE	0.00019177294083804776
MICAL3	0.0006712052929331671
CACNA1A	0.0009588647041902388
CHGB	0.0
RNF20	0.00019177294083804776
GPLD1	0.0005753188225141433
ITFG1	0.0003835458816760955
SLC16A10	0.00028765941125707164
ATF6B	9.588647041902388e-05
CHMP1B	0.0
NFIX	0.002397161760475597
SGK3	0.00019177294083804776
SMC3	9.588647041902388e-05
HTN3	9.588647041902388e-05
RNASE10	0.0
ERAP1	0.0
SP1	0.0003835458816760955
SNX15	0.00019177294083804776
ZFP64	0.00019177294083804776
SLC30A4	0.0004794323520951194
ILRUN	0.0005753188225141433
CMIP	0.000767091763352191
RAVER1	0.0003835458816760955
HOGA1	0.00019177294083804776
PRLR	0.0008629782337712149
SMAD1	9.588647041902388e-05
GTPBP1	0.000767091763352191
RXRA	0.0006712052929331671
ZNF16	0.00019177294083804776
NAA60	0.0003835458816760955
GAB2	0.0017259564675424297
GP1BA	0.0
RBM4B	0.00028765941125707164
TMEM177	0.0
SF3B4	0.0
FBH1	0.00028765941125707164
NCOA6	0.0008629782337712149
TAOK2	9.588647041902388e-05
PARG	0.0003835458816760955
SLC31A1	9.588647041902388e-05
INSR	0.0013424105858663342
MAU2	0.00028765941125707164
RGS7BP	0.0
NAIF1	0.0
HMG20A	0.00028765941125707164
PRIMPOL	0.0
SOGA1	0.0009588647041902388
NME6	0.00019177294083804776
SYNRG	0.0008629782337712149
ALG11	0.00019177294083804776
ZNF2	9.588647041902388e-05
MTUS1	0.0004794323520951194
ZNF45	0.0
ZBTB49	0.00028765941125707164
DLG3	0.00019177294083804776
OAZ2	0.00028765941125707164
ENOX2	0.00028765941125707164
KIAA1958	0.0003835458816760955
RETSAT	0.0
SMARCC2	0.0005753188225141433
ZNF845	0.0
SNRK	9.588647041902388e-05
C6ORF47	0.0
OTUD7B	0.0004794323520951194
AMDHD1	0.00028765941125707164
HIPK1	0.0
EPG5	0.0005753188225141433
RIC8B	0.00019177294083804776
RPRD2	0.000767091763352191
PIP4K2A	0.0003835458816760955
NR5A2	9.588647041902388e-05
GARRE1	0.0003835458816760955
SAP30L	9.588647041902388e-05
GOSR1	0.000767091763352191
CCDC97	0.0004794323520951194
MYORG	9.588647041902388e-05
PAFAH2	9.588647041902388e-05
CLSTN1	0.0005753188225141433
PI4KB	0.0005753188225141433
ENPP6	0.0003835458816760955
RAB3GAP1	0.0003835458816760955
ABCG2	9.588647041902388e-05
CDH7	9.588647041902388e-05
DOT1L	0.0011506376450282866
SHOX	0.0
APPBP2	0.0009588647041902388
NCR1	0.0
PDLIM2	0.00019177294083804776
SGMS1	0.000767091763352191
DUSP19	0.0
MBLAC2	0.0
BCKDK	0.0
NBR1	0.0004794323520951194
PTPN23	0.00028765941125707164
EPS15L1	0.001534183526704382
ZNF223	9.588647041902388e-05
NXPE3	0.00019177294083804776
XYLT2	0.0003835458816760955
MOB3B	0.0003835458816760955
DAG1	0.0003835458816760955
KIF20B	0.00019177294083804776
TUNAR	9.588647041902388e-05
ADAM15	0.00028765941125707164
GTF2E1	0.0
ZNF366	9.588647041902388e-05
GTPBP6	9.588647041902388e-05
ZNF572	0.0
RTF1	0.000767091763352191
ARMH3	0.0003835458816760955
PWWP2A	9.588647041902388e-05
ARID3C	0.0
DBR1	9.588647041902388e-05
GPAT4	0.0006712052929331671
SYT2	0.00019177294083804776
PRRT3	0.0
RBFOX2	0.0013424105858663342
FOXN3	0.000767091763352191
SP2	0.0008629782337712149
CNNM3	0.0
GBF1	0.0009588647041902388
SMARCD2	0.0003835458816760955
ZXDA	0.0
EEF2K	0.0009588647041902388
HAAO	9.588647041902388e-05
MAST3	0.0004794323520951194
TRAPPC9	0.0017259564675424297
USF3	9.588647041902388e-05
CNNM2	0.00028765941125707164
HRG	0.0
ATP2B1	0.0010547511746092626
HDAC5	0.000767091763352191
ABCG1	0.000767091763352191
NRIP2	0.0
ZC3H4	0.000767091763352191
SHISAL2B	9.588647041902388e-05
ZNF575	0.0
PDK2	9.588647041902388e-05
AP3D1	0.0009588647041902388
TSPYL1	0.0
TXNDC16	0.00019177294083804776
TIRAP	0.0
SLC25A42	0.00028765941125707164
SGSM1	0.00019177294083804776
CCSAP	9.588647041902388e-05
SRBD1	0.0004794323520951194
MARCHF8	0.00028765941125707164
MYLIP	0.0003835458816760955
DHFR2	0.0
SF3A1	0.00028765941125707164
FAM9B	0.0
ZBTB38	9.588647041902388e-05
SLC51A	9.588647041902388e-05
PCYOX1	9.588647041902388e-05
SIN3A	0.0006712052929331671
TAF5	0.0
ARF3	0.00028765941125707164
ZNF41	0.0
SEC14L1	0.00028765941125707164
HAUS4	0.00019177294083804776
BLOC1S3	0.00019177294083804776
MYLK3	0.0
PANK3	9.588647041902388e-05
SPN	9.588647041902388e-05
SEMA3G	0.0
SOCS6	9.588647041902388e-05
MLANA	9.588647041902388e-05
PLD4	0.0
PRR12	0.0005753188225141433
OLFML2A	0.0
MINDY1	0.00019177294083804776
ABRAXAS1	0.00019177294083804776
TBC1D25	0.00019177294083804776
GTF3C4	0.00019177294083804776
DCAF16	0.0
TRANK1	0.0
GOLGA4	0.000767091763352191
PCDH7	0.0
SRGAP1	0.0012465241154473103
ZNF687	9.588647041902388e-05
PPP2R5D	0.0005753188225141433
PLXNA2	0.00028765941125707164
SEC24C	0.00019177294083804776
ATF7	0.0013424105858663342
RGMB	0.00028765941125707164
EPHB1	0.00019177294083804776
KTN1	9.588647041902388e-05
CHAD	0.0
STMND1	0.0
NCOA1	0.0006712052929331671
RTL10	9.588647041902388e-05
RAB5B	0.0003835458816760955
POTEF	0.0
FLRT1	0.00019177294083804776
EPB41L3	0.00028765941125707164
YLPM1	0.0003835458816760955
CEP120	0.0
HPSE2	0.00019177294083804776
MEGF9	0.00028765941125707164
FAM124B	0.0
RNF185	0.0008629782337712149
RFX7	0.0003835458816760955
PLPPR4	0.0
BTBD8	0.0
ADAP2	0.00028765941125707164
CYB561A3	0.0
SH2D6	9.588647041902388e-05
